motion_param,percent_power_gastric_band,percent_power_low_freq,gastric_peak_freq,total_power,subject,run
trans_x,88.82006124887062,5.008423271983184,0.05074074074074074,0.0008867794784981717,LA,1
trans_y,90.946473603174,3.6615471927932357,0.05074074074074074,0.03309403401790053,LA,1
trans_z,88.46294189534821,6.136891220456275,0.05074074074074074,0.002820882240880372,LA,1
rot_x,94.69439623696815,2.1912632309505513,0.05074074074074074,0.019598692265714975,LA,1
rot_y,89.1345626997055,4.7118680009786225,0.05074074074074074,0.0005895332964677753,LA,1
rot_z,90.60774684390711,3.0998917695212973,0.05074074074074074,0.017257069546151124,LA,1
trans_x,84.6413901182943,1.0044483800683746,0.05592592592592592,0.004412091791420639,LA,2
trans_y,87.33277270434208,0.28848629613712073,0.05592592592592592,0.04694430927978579,LA,2
trans_z,86.50643566648527,1.2029810164243575,0.05592592592592592,0.00339774039618767,LA,2
rot_x,75.81045165871403,0.375165207510167,0.05592592592592592,0.023563885291526924,LA,2
rot_y,79.70457983204338,0.7476842902997607,0.05592592592592592,0.0021340994123123483,LA,2
rot_z,89.47575952516964,0.7075425526414054,0.05592592592592592,0.012530317499411723,LA,2
trans_x,93.3234952854168,3.0958692341258143,0.05259259259259259,0.003394622708354159,BS,1
trans_y,91.24384130072431,2.6455297568972704,0.05259259259259259,0.012595309074099392,BS,1
trans_z,93.24956481614538,1.9171537734398327,0.05259259259259259,0.00784925742851579,BS,1
rot_x,88.25693078611742,2.755220916246983,0.05259259259259259,0.013999644595732325,BS,1
rot_y,92.25836682365882,1.5189004410233562,0.05259259259259259,0.00414384873738853,BS,1
rot_z,90.21917341753094,1.9945573138996515,0.05259259259259259,0.015095067763058329,BS,1
trans_x,88.83959115803829,1.8139264310282497,0.05333333333333333,0.0046513275355345475,BS,2
trans_y,89.22228406111925,4.242550104286758,0.05333333333333333,0.013864562798835812,BS,2
trans_z,90.67464268528299,2.0968528336141974,0.05333333333333333,0.009172725388889134,BS,2
rot_x,81.31678439762622,8.516676977544245,0.05333333333333333,0.026620374133840854,BS,2
rot_y,88.30975934875764,1.9390906489517785,0.05333333333333333,0.005603227249693938,BS,2
rot_z,91.14975725922446,1.8269844580290389,0.05333333333333333,0.014741772490721861,BS,2
trans_x,82.80557671947615,3.9503037186375742,0.05388888888888889,0.00437522435146943,OE,1
trans_y,86.10641828569176,2.8329674109155505,0.05388888888888889,0.05782122782911559,OE,1
trans_z,92.43349276271796,2.606861167332647,0.05388888888888889,0.007690481109894045,OE,1
rot_x,84.80981784248513,2.207840113758402,0.05388888888888889,0.03450415991596718,OE,1
rot_y,85.85222222944903,1.4911958875086113,0.05388888888888889,0.003322751414216556,OE,1
rot_z,83.1666083735227,1.5769292603586063,0.05388888888888889,0.03373276753567316,OE,1
trans_x,86.3870012629973,5.303230267954998,0.051666666666666666,0.0027334084160431592,OE,2
trans_y,87.27188441083607,4.474545084538032,0.051666666666666666,0.031895481652625804,OE,2
trans_z,90.19668671152327,2.0223427974123758,0.051666666666666666,0.003861401907355185,OE,2
rot_x,90.99827547684745,2.054290523003945,0.051666666666666666,0.014419007636770542,OE,2
rot_y,89.77527654769757,4.571990827550337,0.051666666666666666,0.001961510979273229,OE,2
rot_z,86.165123431822,2.5833184983106556,0.051666666666666666,0.014387523018748447,OE,2
trans_x,93.37713534350354,2.99755700872675,0.050555555555555555,0.003930443902104117,OE,3
trans_y,93.03246070113704,3.6898067449027336,0.050555555555555555,0.05713856596233369,OE,3
trans_z,89.77434389013096,3.900580288239852,0.050555555555555555,0.0031596662072761873,OE,3
rot_x,93.28760505204983,2.005907549985515,0.050555555555555555,0.02284737832699275,OE,3
rot_y,93.41724795702991,2.8077888582494275,0.050555555555555555,0.002773587456863485,OE,3
rot_z,84.61454836306116,4.956173438010084,0.050555555555555555,0.017139272638028613,OE,3
trans_x,91.9543373516053,6.878815108172423,0.04833333333333333,0.008633274922526659,AE,1
trans_y,93.61904248596886,2.829465946293907,0.04833333333333333,0.025521512239999173,AE,1
trans_z,89.91932578072542,9.027865316927116,0.04833333333333333,0.003633432087298079,AE,1
rot_x,95.36316017275539,2.8448898528654154,0.04833333333333333,0.039684183047928014,AE,1
rot_y,87.99499599560005,11.276596135037638,0.04833333333333333,0.009170003034453849,AE,1
rot_z,92.24038239085577,4.401483826232097,0.04833333333333333,0.023305186840835223,AE,1
trans_x,81.61540927121874,17.542545233627937,0.04666666666666667,0.007977301913344718,AE,2
trans_y,80.68465328362942,18.047011852464,0.04666666666666667,0.06934455621413119,AE,2
trans_z,82.4933641852519,15.134377101806557,0.04666666666666667,0.005842824056935521,AE,2
rot_x,88.56111000189266,9.543149760816645,0.04666666666666667,0.02262969510591326,AE,2
rot_y,89.37136703561245,8.995655166760653,0.04666666666666667,0.007145452930472747,AE,2
rot_z,85.92427747928149,12.69387147164826,0.04666666666666667,0.015914062755384806,AE,2
trans_x,91.58757864606457,7.855515949673941,0.04666666666666667,0.015376584851451443,AE,3
trans_y,93.5557283259047,5.068368552631841,0.04666666666666667,0.1037100417224511,AE,3
trans_z,85.17011668644611,13.726847932064004,0.04666666666666667,0.019486547933034004,AE,3
rot_x,85.92224551490693,11.686993131590887,0.04666666666666667,0.03702472772526295,AE,3
rot_y,89.36185895722043,9.17611197772389,0.04666666666666667,0.01936847315825809,AE,3
rot_z,93.5902222716301,4.772995654108172,0.04666666666666667,0.04679057258196267,AE,3
trans_x,90.12843444156258,8.499775805251181,0.04833333333333333,0.013414514021204011,SE,1
trans_y,93.1739158836866,5.313033782719979,0.04833333333333333,0.04443321850869694,SE,1
trans_z,79.59786890755308,18.488305443008663,0.04833333333333333,0.003967182160787932,SE,1
rot_x,91.31295993192819,7.126014122323029,0.04833333333333333,0.03178969523441495,SE,1
rot_y,83.64669843879244,15.788460411722678,0.04833333333333333,0.0050991309119598534,SE,1
rot_z,90.82231111448172,7.283737264610026,0.04833333333333333,0.03024403435607937,SE,1
trans_x,85.2971555262853,13.837364511813396,0.0443,0.016213056022837336,SE,2
trans_y,80.73999111422985,18.923660851024938,0.0443,0.09558767768974867,SE,2
trans_z,77.92592651688895,21.419391328875392,0.0443,0.007747328363896282,SE,2
rot_x,86.20326908326206,13.496967948339249,0.0443,0.08398679161957409,SE,2
rot_y,76.83961870510105,22.524140049355562,0.0443,0.005136414364945223,SE,2
rot_z,87.61984080105933,11.860056067843983,0.0443,0.0528583805097227,SE,2
trans_x,84.35587448396149,15.121675426863865,0.0443,0.007504869179205912,SE,3
trans_y,72.59577539251944,27.216542232178472,0.0443,0.05029614926181447,SE,3
trans_z,73.6016817512892,26.23363527959652,0.0443,0.008372600396910127,SE,3
rot_x,89.17995293092183,10.554182458833393,0.0443,0.09214172983331416,SE,3
rot_y,81.05407215046587,18.449313698442975,0.0443,0.01102205372459148,SE,3
rot_z,90.74210254164953,9.05812313362444,0.0443,0.03143800491960415,SE,3
trans_x,85.05304485537083,14.459465280414724,0.04388888888888889,0.002954678514144704,SP,1
trans_y,87.22976316356586,12.59602054344628,0.04388888888888889,0.011965824621913708,SP,1
trans_z,77.40637362595683,22.011007133538037,0.04388888888888889,0.0029315637285987155,SP,1
rot_x,82.73559553145245,16.699349067005354,0.04388888888888889,0.0071416526168812024,SP,1
rot_y,74.53084211950537,25.317402694257133,0.04388888888888889,0.005694176575568692,SP,1
rot_z,77.99094336419547,21.654567538636247,0.04388888888888889,0.01120494790170667,SP,1
trans_x,89.17584921565197,9.273148830663574,0.047142857,0.003134016214307749,SP,2
trans_y,71.29052586548103,28.016389044522796,0.047142857,0.015908829328853638,SP,2
trans_z,87.37943210292599,11.284623397970819,0.047142857,0.0021171268024232854,SP,2
rot_x,82.32809534680491,14.800180779797392,0.047142857,0.018761778445227202,SP,2
rot_y,83.15871578202902,15.789091508541114,0.047142857,0.0013895362022909642,SP,2
rot_z,88.56604178691123,10.02536387977909,0.047142857,0.030368987438628918,SP,2
trans_x,85.39475371348115,12.093447073599481,0.04722222222222222,0.005446532072870046,SP,3
trans_y,91.92374325325595,6.240092009995883,0.04722222222222222,0.060016307173639545,SP,3
trans_z,92.56861131753786,6.644385139709754,0.04722222222222222,0.009901197560108353,SP,3
rot_x,89.62130626932128,7.959771426918215,0.04722222222222222,0.03185571866256424,SP,3
rot_y,82.0141840207426,16.937591527224555,0.04722222222222222,0.004299034262231662,SP,3
rot_z,93.51360364571661,5.127991989856889,0.04722222222222222,0.030759073644297835,SP,3
trans_x,74.72378880074416,25.000120721601125,0.04296296296296296,0.003997690140894778,OfA,1
trans_y,71.5966653884445,28.273022411404966,0.04296296296296296,0.06097968435917145,OfA,1
trans_z,73.21355609819331,26.61459518706141,0.04296296296296296,0.0030761503041166114,OfA,1
rot_x,60.18648790676542,39.06836408957207,0.04296296296296296,0.042939225400538836,OfA,1
rot_y,83.9129560079733,15.968193700391076,0.04296296296296296,0.005936589555513178,OfA,1
rot_z,70.4978221976864,29.317066261011554,0.04296296296296296,0.02553202739550273,OfA,1
trans_x,83.80187061826017,15.925747915559361,0.04259259259259259,0.001534281742301628,OfA,2
trans_y,77.45600177531486,22.45676338301722,0.04259259259259259,0.045706825023805124,OfA,2
trans_z,72.87392901182217,27.01090815981463,0.04259259259259259,0.004672350765181785,OfA,2
rot_x,83.1820529826711,16.617432277432258,0.04259259259259259,0.007553926790349478,OfA,2
rot_y,83.65258988240168,16.207899874011023,0.04259259259259259,0.0016326892402388608,OfA,2
rot_z,80.87633835629616,18.91221341614321,0.04259259259259259,0.017891181746269916,OfA,2
trans_x,89.18692434360294,9.610722300845419,0.04555555555555555,0.0011930397181737962,SS,1
trans_y,85.7058409029437,13.085536642204241,0.04555555555555555,0.00586003065060307,SS,1
trans_z,91.01252171497595,8.344347521257399,0.04555555555555555,0.000818467825522254,SS,1
rot_x,83.5087349236546,15.740618247492982,0.04555555555555555,0.015544721235500023,SS,1
rot_y,70.35522497995099,29.27637541779865,0.04555555555555555,0.0009902226716909427,SS,1
rot_z,86.30033176359989,12.463180482016817,0.04555555555555555,0.01570793502708059,SS,1
trans_x,82.26432869787851,17.166264871563886,0.044814814814814814,0.0005569002905542559,SS,2
trans_y,79.87327081523883,19.64055484744688,0.044814814814814814,0.0025085367094495902,SS,2
trans_z,79.48770391483866,19.998138030902375,0.044814814814814814,0.0006843864208831824,SS,2
rot_x,85.0711981365261,13.6391620076484,0.044814814814814814,0.008966351382136709,SS,2
rot_y,86.07009616524742,13.55273020978698,0.044814814814814814,0.0006622485506626461,SS,2
rot_z,82.99168561005574,16.131757964279647,0.044814814814814814,0.012037142194944252,SS,2
trans_x,92.24393026057737,4.116160032254377,0.05074074074074074,0.004492570702189714,OzO,1
trans_y,93.0778167468319,2.5975296609021403,0.05074074074074074,0.014618970099124771,OzO,1
trans_z,91.36348644639217,6.619947657196786,0.05074074074074074,0.007344701129566176,OzO,1
rot_x,91.62376202709659,4.565782201118427,0.05074074074074074,0.02517911030804505,OzO,1
rot_y,89.26829679498796,5.406900856172693,0.05074074074074074,0.002969009643732552,OzO,1
rot_z,91.59354544009555,2.8348204976147,0.05074074074074074,0.017063191463549055,OzO,1
trans_x,92.7777115445148,5.694904115241293,0.05,0.0024040325100777847,OzO,2
trans_y,92.17253310774184,4.486644996258705,0.05,0.006927438788001707,OzO,2
trans_z,89.89551267555505,6.4776937774346965,0.05,0.003849449576421788,OzO,2
rot_x,92.64483783250758,4.223861220638709,0.05,0.026973616082661717,OzO,2
rot_y,91.63136873342098,5.295328109577053,0.05,0.0037437163488741624,OzO,2
rot_z,93.4617401048256,2.839553270190978,0.05,0.02126776328035957,OzO,2
trans_x,90.70590424526384,7.687387455936905,0.048888888888888885,0.005709074719255335,EdZ,1
trans_y,94.81300914354945,3.690545151254009,0.048888888888888885,0.013125495408400686,EdZ,1
trans_z,89.48278449200527,7.015058518458792,0.048888888888888885,0.004036085204243052,EdZ,1
rot_x,93.22379139127271,5.025293266299212,0.048888888888888885,0.020732122802784744,EdZ,1
rot_y,89.99123479894449,8.238256399194505,0.048888888888888885,0.005190085035591354,EdZ,1
rot_z,90.55768240376229,5.767810311666104,0.048888888888888885,0.015363484391236559,EdZ,1
trans_x,87.21933157550824,11.72099161411496,0.045925925925925926,0.01976640113841786,MaD,1
trans_y,89.18394783770206,9.998870049901102,0.045925925925925926,0.10958041728735883,MaD,1
trans_z,88.65129132390818,10.280430737183014,0.045925925925925926,0.006164487822998116,MaD,1
rot_x,85.09874295178537,13.962181372955136,0.045925925925925926,0.036685391388940856,MaD,1
rot_y,78.89654863249424,20.42287698187282,0.045925925925925926,0.010735820155086454,MaD,1
rot_z,92.21169467269202,6.746730563672692,0.045925925925925926,0.0295543609446614,MaD,1
trans_x,54.611590333057265,45.376609001434645,0.03925925925925926,0.02552418777799307,MaD,2
trans_y,55.8560479493163,44.11831820191583,0.03925925925925926,0.06797258269358186,MaD,2
trans_z,56.101638422058016,43.89052458064117,0.03925925925925926,0.023548828378881684,MaD,2
rot_x,65.52522166167462,34.35355212065702,0.03925925925925926,0.050283700861057865,MaD,2
rot_y,52.7545825937745,47.22517527829367,0.03925925925925926,0.007591703540710114,MaD,2
rot_z,74.53294308137443,25.453155425468776,0.03925925925925926,0.03290827250950754,MaD,2
trans_x,56.25095711649038,0.1128926400656443,0.06481481481481481,0.012015300411266137,RoH,1
trans_y,59.88269961836958,0.1283125955139372,0.06481481481481481,0.01440313338894838,RoH,1
trans_z,60.48568897553142,0.208309545188722,0.06481481481481481,0.005833968683681872,RoH,1
rot_x,42.566659457202036,0.05030763253373931,0.06481481481481481,0.018879138701138436,RoH,1
rot_y,52.468509652033994,0.09033081279934946,0.06481481481481481,0.008218485062123602,RoH,1
rot_z,49.01358566527473,0.0834509416820784,0.06481481481481481,0.015230745239857596,RoH,1
trans_x,51.92497301516629,48.067983374155105,0.03777777777777778,0.0074606814505826825,RoH,2
trans_y,53.22685987517726,46.76769519905295,0.03777777777777778,0.015961199074718158,RoH,2
trans_z,37.24567392757016,62.75075783441688,0.03777777777777778,0.0043865998185072235,RoH,2
rot_x,49.462947418483914,50.531196905218025,0.03777777777777778,0.01347108907917339,RoH,2
rot_y,48.40214597731005,51.59197156205707,0.03777777777777778,0.008420563794473679,RoH,2
rot_z,49.279117958121205,50.712041492617324,0.03777777777777778,0.015262883798331878,RoH,2
trans_x,69.22105162237274,30.205515878102624,0.04444444444444444,0.006696279920424864,HaM,1
trans_y,74.64545417394825,25.114174186753548,0.04444444444444444,0.010204980034139685,HaM,1
trans_z,79.54210541486009,20.103797817769806,0.04444444444444444,0.004730089705329915,HaM,1
rot_x,83.44249128451641,16.11999273392973,0.04444444444444444,0.014352112907039555,HaM,1
rot_y,82.16456673930507,17.38910808035993,0.04444444444444444,0.0072648158873528275,HaM,1
rot_z,82.7771951531359,16.845884443957804,0.04444444444444444,0.02670207341808184,HaM,1
trans_x,90.32371121883995,8.926681257350097,0.04555555555555555,0.01458812212442542,HaM,2
trans_y,85.12124257767724,14.317923624403374,0.04555555555555555,0.017175317974646005,HaM,2
trans_z,77.20551776180336,22.27994549944275,0.04555555555555555,0.009812989683223378,HaM,2
rot_x,91.2906491449761,8.048110126183156,0.04555555555555555,0.022966120077791155,HaM,2
rot_y,84.37686623701596,14.479925959805566,0.04555555555555555,0.015329623915408522,HaM,2
rot_z,83.60219931993072,15.145815231754339,0.04555555555555555,0.015446797191394492,HaM,2
trans_x,86.6713868719466,4.4157256992444625,0.05259259259259259,0.0030252242034895646,ElL,1
trans_y,87.8415459437847,3.727941537219443,0.05259259259259259,0.01589393108313035,ElL,1
trans_z,91.55050025040367,1.7413021264894408,0.05259259259259259,0.002444176163650724,ElL,1
rot_x,89.11388051764261,1.535071352266983,0.05259259259259259,0.013831917165999939,ElL,1
rot_y,91.61186153629217,2.213898258712825,0.05259259259259259,0.003512849811541893,ElL,1
rot_z,88.98390600002898,1.8258019236141645,0.05259259259259259,0.01880995511745641,ElL,1
trans_x,90.57115456663345,3.5214365927710576,0.05259259259259259,0.00501679652151517,ElL,2
trans_y,89.98613380886424,2.136909203246062,0.05259259259259259,0.011825054640344584,ElL,2
trans_z,92.2797038693876,2.568953891530796,0.05259259259259259,0.003951932990112412,ElL,2
rot_x,87.54604023009318,2.289575243641488,0.05259259259259259,0.014326338318360776,ElL,2
rot_y,90.96283039295959,2.1419174767356908,0.05259259259259259,0.007097792126459732,ElL,2
rot_z,88.4494645414038,1.016835172348401,0.05259259259259259,0.025442196453560606,ElL,2
trans_x,92.40058655382016,4.477246733911255,0.05037037037037037,0.024172709084464047,TaR,1
trans_y,90.67263568781513,5.812899583944243,0.05037037037037037,0.23405866276797113,TaR,1
trans_z,90.34472780531058,4.991863142804219,0.05037037037037037,0.007482037486005741,TaR,1
rot_x,91.73694367100592,3.534519054725096,0.05037037037037037,0.0790305727427985,TaR,1
rot_y,89.54490026140938,4.527465639731462,0.05037037037037037,0.006879842106728267,TaR,1
rot_z,93.63699585787685,3.163166562795502,0.05037037037037037,0.021901724520830945,TaR,1
trans_x,90.56798086861167,5.131517209088311,0.05037037037037037,0.0046031095597561765,TaR,2
trans_y,89.32487249523167,7.916688760642672,0.05037037037037037,0.10413763376892957,TaR,2
trans_z,79.04605315862621,13.041480026320624,0.05037037037037037,0.004364658589253687,TaR,2
rot_x,87.94281786279934,9.063229018790542,0.05037037037037037,0.05875643911537168,TaR,2
rot_y,86.25597264053411,11.100524514206722,0.05037037037037037,0.002749832365929913,TaR,2
rot_z,91.18478245269768,3.299196537721214,0.05037037037037037,0.017609042189718975,TaR,2
trans_x,90.68250725098508,6.622171739716579,0.04962962962962963,0.0021561679226925184,OrS,1
trans_y,83.51574643811782,11.387224584400544,0.04962962962962963,0.023629468366533322,OrS,1
trans_z,89.73648946642196,7.784382630821004,0.04962962962962963,0.0048229191048414525,OrS,1
rot_x,86.61285101878939,9.467572181921186,0.04962962962962963,0.01760509810131501,OrS,1
rot_y,83.91402440676696,13.416577163472477,0.04962962962962963,0.0019886536958698344,OrS,1
rot_z,90.36911996491699,6.007000765551479,0.04962962962962963,0.009476860210758352,OrS,1
trans_x,81.27325545110887,0.868669965193074,0.056666666666666664,0.004514964520365165,OrS,2
trans_y,79.99302769400695,0.6633982454163145,0.056666666666666664,0.03994221075855609,OrS,2
trans_z,81.73131417091574,0.8197936735601928,0.056666666666666664,0.005660151094646856,OrS,2
rot_x,78.3009418503078,0.5196249071015537,0.056666666666666664,0.022151360787742894,OrS,2
rot_y,85.79204727211152,0.8882106527984358,0.056666666666666664,0.006054172997039065,OrS,2
rot_z,88.30084573941609,0.442985108322788,0.056666666666666664,0.01658518327827195,OrS,2
trans_x,86.33955923370911,12.911442183601363,0.046296296296296294,0.0017956434366130135,ShR,1
trans_y,87.20526335661447,11.786963199930321,0.046296296296296294,0.006453507281656143,ShR,1
trans_z,83.00030421721519,15.822610534227078,0.046296296296296294,0.0021019730545057186,ShR,1
rot_x,84.69533802106173,14.749357255985453,0.046296296296296294,0.010980055533428304,ShR,1
rot_y,89.51473045677722,9.647163419786988,0.046296296296296294,0.0020950671390000857,ShR,1
rot_z,86.69128160662478,12.413847566566043,0.046296296296296294,0.02023297956615769,ShR,1
trans_x,81.87215263172182,17.216864028505825,0.046296296296296294,0.001064839499706846,ShR,2
trans_y,86.9361919267241,11.93537902227633,0.046296296296296294,0.00558836925047818,ShR,2
trans_z,86.769960266631,12.53488472810515,0.046296296296296294,0.0005455898152134059,ShR,2
rot_x,85.84541705501137,13.229264497289403,0.046296296296296294,0.0056396539626255736,ShR,2
rot_y,84.32303074238405,14.763524677078486,0.046296296296296294,0.0023069865936867703,ShR,2
rot_z,86.2720183577231,13.073817567123966,0.046296296296296294,0.013519252381607763,ShR,2
trans_x,83.00463463369584,16.190829033573255,0.045925925925925926,0.0899184574832094,NH,1
trans_y,93.64536787525931,5.421710181906019,0.045925925925925926,0.15361710038047782,NH,1
trans_z,74.92882137791736,24.209885912841735,0.045925925925925926,0.07452749546809771,NH,1
rot_x,93.26176430683557,5.441858879910569,0.045925925925925926,0.2523424520440557,NH,1
rot_y,86.05266671523262,12.894184488576498,0.045925925925925926,0.032727347225069814,NH,1
rot_z,86.98292737433512,12.110345069755724,0.045925925925925926,0.02895500833494155,NH,1
trans_x,87.01601534057919,12.230262120468517,0.04555555555555555,0.062315862582844196,NH,2
trans_y,85.23206559092627,14.331675738231247,0.04555555555555555,0.393131644313388,NH,2
trans_z,81.09330380109525,18.209489653788214,0.04555555555555555,0.03095628868674378,NH,2
rot_x,86.5680781564597,12.695452207538896,0.04555555555555555,0.2896229291812359,NH,2
rot_y,90.7433988559694,8.404359993545803,0.04555555555555555,0.05581080211076731,NH,2
rot_z,85.21915488388723,14.182430631637148,0.04555555555555555,0.061165879404623376,NH,2
trans_x,91.74661812617727,2.273795760779237,0.05259259259259259,0.0035788944856825922,NiC,1
trans_y,91.4239708415335,1.1914898046017226,0.05259259259259259,0.13646791174570236,NiC,1
trans_z,91.8457190989552,2.1711420025465267,0.05259259259259259,0.004629441055481387,NiC,1
rot_x,89.39857313083482,0.6159528331943553,0.05259259259259259,0.0692628553372945,NiC,1
rot_y,92.78072865335312,1.7959083310125512,0.05259259259259259,0.007733947772129019,NiC,1
rot_z,86.07547254960114,1.2741720975537256,0.05259259259259259,0.038997988436992044,NiC,1
trans_x,95.12306127545543,2.9306230989707145,0.04962962962962963,0.00439643160009106,NiC,2
trans_y,93.67794315199676,3.7755313405141786,0.04962962962962963,0.0741708921316511,NiC,2
trans_z,89.32162322050678,7.27081150749725,0.04962962962962963,0.0038611676447989733,NiC,2
rot_x,94.550491262917,4.029372849902628,0.04962962962962963,0.052274061520522885,NiC,2
rot_y,93.25077865019344,4.645184451982579,0.04962962962962963,0.001393984741715443,NiC,2
rot_z,92.68421916295976,3.8685624970228583,0.04962962962962963,0.023344486349115647,NiC,2
trans_x,85.54649346835845,13.706610038584165,0.04703703703703704,0.002142200417885035,ToL,1
trans_y,87.59720443590882,11.132720155616411,0.04703703703703704,0.008163883971698139,ToL,1
trans_z,87.58088097333139,11.659454673280768,0.04703703703703704,0.0021905901271531835,ToL,1
rot_x,89.61260215626353,9.214487678542215,0.04703703703703704,0.009055036744266786,ToL,1
rot_y,90.54262626597917,8.776777051194113,0.04703703703703704,0.0008225033315856962,ToL,1
rot_z,90.82400282080488,8.26593220805643,0.04703703703703704,0.027070858211917487,ToL,1
trans_x,89.93850460075512,8.389755695623998,0.047407407407407405,0.002655383361437282,ToL,2
trans_y,89.63906794719519,9.65151401430797,0.047407407407407405,0.02605526439445132,ToL,2
trans_z,89.76125780433503,8.500384058264421,0.047407407407407405,0.0033476064389510183,ToL,2
rot_x,92.81598286344224,5.932581427278733,0.047407407407407405,0.020041631904087892,ToL,2
rot_y,85.6539852791135,12.743222730057685,0.047407407407407405,0.0012381977449988427,ToL,2
rot_z,89.2389964520763,8.14574902793473,0.047407407407407405,0.017793330848914737,ToL,2
trans_x,73.67650887588232,26.16011384436204,0.04296296296296296,0.021853843914807193,ShL,2
trans_y,66.58491807512743,33.35794096125739,0.04296296296296296,0.09082685510555091,ShL,2
trans_z,84.37072771513222,15.440539252785879,0.04296296296296296,0.017719114988239953,ShL,2
rot_x,68.85032936351396,30.857218237511855,0.04296296296296296,0.06297980317016973,ShL,2
rot_y,77.1585050752007,22.68774512578927,0.04296296296296296,0.025487706826049658,ShL,2
rot_z,67.54277702295482,32.29224623019701,0.04296296296296296,0.0324829883193904,ShL,2
trans_x,85.01490933723444,14.290718253962709,0.047,0.002497397689779241,DaH,1
trans_y,82.25628183647854,16.015592701907217,0.047,0.006485908553813849,DaH,1
trans_z,85.0645938793206,14.138677118681995,0.047,0.0032269714650176905,DaH,1
rot_x,93.23476549392002,5.505322821398421,0.047,0.026950003389480615,DaH,1
rot_y,86.58076541067898,12.497155877401669,0.047,0.0013134888063639708,DaH,1
rot_z,94.01441745633232,4.655772419775428,0.047,0.019992948497335284,DaH,1
trans_x,85.22486209149268,14.2370568240569,0.047407407407407405,0.003722136410562374,DaH,2
trans_y,87.90262543291774,10.03139275488915,0.047407407407407405,0.0036024749643403012,DaH,2
trans_z,91.602708495888,6.613213435248917,0.047407407407407405,0.0016100930346663678,DaH,2
rot_x,84.20892411721327,14.707636826273339,0.047407407407407405,0.024115268665706062,DaH,2
rot_y,81.67274490104629,17.359513786989165,0.047407407407407405,0.0015567926149333508,DaH,2
rot_z,91.80211000366396,3.6937012240058227,0.047407407407407405,0.022795266889415914,DaH,2
trans_x,76.35185865178714,23.55792125876179,0.0437037037037037,0.05819695531873908,NoaG,2
trans_y,82.17453194036085,17.300172981677314,0.0437037037037037,0.037200055486586225,NoaG,2
trans_z,63.20277441178354,36.582569977693105,0.0437037037037037,0.01119509982570487,NoaG,2
rot_x,72.06845042623927,27.312255622213875,0.0437037037037037,0.02194369930762111,NoaG,2
rot_y,73.9939870844721,25.85194798904381,0.0437037037037037,0.06515445905814912,NoaG,2
rot_z,87.52117406110492,11.530203744625464,0.0437037037037037,0.023651343649918624,NoaG,2
trans_x,93.67328192502154,0.9676501314050879,0.05407407407407407,0.007886851934840365,MaE,1
trans_y,85.60607799740683,1.632038044754225,0.05407407407407407,0.027692421509458408,MaE,1
trans_z,86.72448576734797,2.318134100204296,0.05407407407407407,0.0029321655458494898,MaE,1
rot_x,81.86406153422112,0.9007468436427934,0.05407407407407407,0.026528304565920834,MaE,1
rot_y,89.42460112370095,1.5524451358409204,0.05407407407407407,0.0018176430445668084,MaE,1
rot_z,88.92034419031648,1.7272028805422899,0.05407407407407407,0.023404016416183643,MaE,1
trans_x,91.52922610312196,7.561937911725523,0.04777777777777777,0.0042679611413163464,MaE,2
trans_y,92.79766250783024,5.463423929007047,0.04777777777777777,0.014678116509641646,MaE,2
trans_z,82.39288279736495,15.467266651018779,0.04777777777777777,0.001168457982675097,MaE,2
rot_x,90.9634431188806,6.083899453571894,0.04777777777777777,0.014920105170451201,MaE,2
rot_y,91.66176937675081,6.7304181202598485,0.04777777777777777,0.0009562031404310145,MaE,2
rot_z,84.4734221350315,12.149364878666365,0.04777777777777777,0.011910707808622295,MaE,2
trans_x,86.48899710255935,13.126600937575402,0.045,0.007879866290551776,AmK,1
trans_y,81.31468412200549,18.32715702445402,0.045,0.04035396643032279,AmK,1
trans_z,85.76682400073075,13.341255374099623,0.045,0.009132421223029263,AmK,1
rot_x,77.68914917311857,21.895148743699934,0.045,0.024910440172153284,AmK,1
rot_y,86.67474983097568,12.816382519907563,0.045,0.009144218786051175,AmK,1
rot_z,83.44697682482891,15.889490495404237,0.045,0.02753537613616636,AmK,1
trans_x,77.47061746692489,22.394164531873432,0.043,0.016273184070923586,AmK,2
trans_y,82.83006238175255,16.750232297081865,0.043,0.02235167126978426,AmK,2
trans_z,63.232557211066194,36.58156485598786,0.043,0.005663312789592316,AmK,2
rot_x,69.7746492981157,29.909231820466246,0.043,0.02721368430934771,AmK,2
rot_y,78.48920550372061,21.34516204244271,0.043,0.008795807448179704,AmK,2
rot_z,86.86894521531158,12.95368728666955,0.043,0.04814413294582184,AmK,2
trans_x,86.01781567157056,13.645725685126122,0.04444444444444444,0.0072620823927019755,MoM,1
trans_y,72.43644999140841,26.64484331609155,0.04444444444444444,0.01635542360184923,MoM,1
trans_z,73.8949933499999,25.749409669236577,0.04444444444444444,0.008636483220483682,MoM,1
rot_x,93.47036407701155,5.878860442596451,0.04444444444444444,0.026157011076888753,MoM,1
rot_y,76.12867125696945,23.258400276980087,0.04444444444444444,0.003667963169494602,MoM,1
rot_z,85.24620829265142,14.019067456562622,0.04444444444444444,0.01933928440031607,MoM,1
trans_x,90.70592455896589,7.8261560279998745,0.045925925925925926,0.0027356692782198105,MoM,2
trans_y,89.2393169900511,9.383974521047353,0.045925925925925926,0.013732228567606313,MoM,2
trans_z,89.82226117735712,9.506159375966966,0.045925925925925926,0.005401107770787487,MoM,2
rot_x,91.04357263209766,8.347856275121075,0.045925925925925926,0.020933584987214315,MoM,2
rot_y,84.79027098097318,14.098134136025608,0.045925925925925926,0.002720581654308455,MoM,2
rot_z,88.65385803092211,10.290154507422772,0.045925925925925926,0.031574689162734045,MoM,2
trans_x,88.95935554406621,6.3428110785727725,0.05074074074074074,0.009568105309848423,TiP,1
trans_y,85.68924489964789,7.146602191307498,0.05074074074074074,0.01173179426371532,TiP,1
trans_z,83.59805462976274,6.719094998167744,0.05074074074074074,0.011587456613393993,TiP,1
rot_x,91.72662212907625,4.46543110496757,0.05074074074074074,0.014384733704250283,TiP,1
rot_y,86.85798152917722,5.225792129287989,0.05074074074074074,0.004510241812792812,TiP,1
rot_z,85.3959575003754,4.37904557951762,0.05074074074074074,0.01575014731508238,TiP,1
trans_x,88.26345981343245,10.95328174867264,0.04703703703703704,0.004517978144832166,TiP,2
trans_y,87.76306785920364,10.495967974015738,0.04703703703703704,0.022721112989982258,TiP,2
trans_z,92.77996920474835,6.903970184980374,0.04703703703703704,0.007045446378144103,TiP,2
rot_x,88.76403214660066,9.886084280481562,0.04703703703703704,0.012317190681207962,TiP,2
rot_y,82.62220749454305,16.4982052593534,0.04703703703703704,0.0027942333546687845,TiP,2
rot_z,91.99191584789823,6.346410944740996,0.04703703703703704,0.016803796295267844,TiP,2
trans_x,90.16363326310734,6.3190597219137485,0.04925925925925926,0.005752148011454248,IdS,1
trans_y,87.19642470051106,9.124904506705661,0.04925925925925926,0.01183702082672146,IdS,1
trans_z,89.40862574973627,7.506488886920035,0.04925925925925926,0.0054488300727409435,IdS,1
rot_x,86.80446756559199,7.7872972165988195,0.04925925925925926,0.022805744670596376,IdS,1
rot_y,92.15893766009444,4.562966877087537,0.04925925925925926,0.005532297327971091,IdS,1
rot_z,92.07017240420076,3.1879194768536916,0.04925925925925926,0.019635611568206514,IdS,1
trans_x,88.17119909476597,8.919378427929475,0.048,0.003875035294234284,IdS,2
trans_y,90.2054673046297,7.169781227122427,0.048,0.010960771627390535,IdS,2
trans_z,84.55484545733421,13.942041527515695,0.048,0.0032893275417679585,IdS,2
rot_x,86.0630003249871,10.188499810173438,0.048,0.012324857569955874,IdS,2
rot_y,84.99087807369764,13.125065618936567,0.048,0.0042602269106668785,IdS,2
rot_z,92.35940690894856,5.382533501112994,0.048,0.024892140314183634,IdS,2
trans_x,91.7087190873893,5.072957488324229,0.052,0.002249761601176679,DoP,1
trans_y,91.18621399895284,2.7191589755629537,0.052,0.015211157176693474,DoP,1
trans_z,93.05812498545349,2.9928786168415398,0.052,0.004491400582449492,DoP,1
rot_x,86.43265189284631,1.523854191102106,0.052,0.024712463135787486,DoP,1
rot_y,90.80749222592453,2.837662219175932,0.052,0.002995459767824303,DoP,1
rot_z,91.57124049912973,1.772450817594806,0.052,0.01952892061243979,DoP,1
trans_x,83.78434149873132,0.321774047366272,0.05814814814814814,0.00308569351214811,AlS,1
trans_y,87.04036442444274,0.4095787801363805,0.05814814814814814,0.010329895994364256,AlS,1
trans_z,83.45580971360103,0.40223795624008785,0.05814814814814814,0.0027873478296550165,AlS,1
rot_x,84.15214692146175,0.7040928489225464,0.05814814814814814,0.010261999912466636,AlS,1
rot_y,80.14682048234165,0.6764198498656976,0.05814814814814814,0.0016087612660234969,AlS,1
rot_z,79.22678292753521,0.39728840132942056,0.05814814814814814,0.013130054665072098,AlS,1
trans_x,50.85396751403587,49.14218504138919,0.035925925925925924,0.012044309188061873,AlS,2
trans_y,60.20634272127658,39.79032984602091,0.035925925925925924,0.0422933630832106,AlS,2
trans_z,43.90367196130066,56.0946520113983,0.035925925925925924,0.006619843905323042,AlS,2
rot_x,49.29450044828273,50.70386298499315,0.035925925925925924,0.037133979404623596,AlS,2
rot_y,48.392753036215865,51.60409863533053,0.035925925925925924,0.00443230280073205,AlS,2
rot_z,49.4995240056271,50.49790238557014,0.035925925925925924,0.02670348506095341,AlS,2
trans_x,75.08025653295688,24.80866539117218,0.04259259259259259,0.0017403581700683815,AnF,1
trans_y,76.2812843515837,23.501362275391557,0.04259259259259259,0.005868938172163012,AnF,1
trans_z,69.63462505317914,30.28619029571345,0.04259259259259259,0.0010846273633043997,AnF,1
rot_x,68.42842158536651,31.401722886326304,0.04259259259259259,0.010402450661695196,AnF,1
rot_y,74.83258546429217,25.105617229998565,0.04259259259259259,0.0031272160712701603,AnF,1
rot_z,82.0819700070478,17.692449071973137,0.04259259259259259,0.013478471480593248,AnF,1
trans_x,75.52589625327445,24.432489226448453,0.04111111111111111,0.0020929014816211864,AnF,2
trans_y,79.44617866224499,20.49982317219995,0.04111111111111111,0.00993579825174518,AnF,2
trans_z,60.21168270988545,39.761475948232565,0.04111111111111111,0.0021414372685862634,AnF,2
rot_x,63.58543995836798,35.5059446098161,0.04111111111111111,0.0074097765557230594,AnF,2
rot_y,56.682755321010866,43.27443811049052,0.04111111111111111,0.003943670104789659,AnF,2
rot_z,62.77703589455735,37.177072085742886,0.04111111111111111,0.007547762903504957,AnF,2
trans_x,92.26139106948683,3.920902790735195,0.049999999999999996,0.0031835973692812517,RoK,1
trans_y,93.29280771146344,2.127337049265117,0.049999999999999996,0.010460631499600304,RoK,1
trans_z,90.96978410849174,4.634910287514717,0.049999999999999996,0.0025455100256612,RoK,1
rot_x,93.210326703768,2.888607397580385,0.049999999999999996,0.019839451595616914,RoK,1
rot_y,91.0289750376671,6.098630086268857,0.049999999999999996,0.00462486177580551,RoK,1
rot_z,93.79798593119965,1.8637669732067308,0.049999999999999996,0.017714444631504817,RoK,1
trans_x,87.30840976643954,10.510725536411341,0.047407407407407405,0.0030959744485936956,RoK,2
trans_y,89.77195242487045,8.297884338986119,0.047407407407407405,0.0074413009313763386,RoK,2
trans_z,90.32991191525025,7.958537769311844,0.047407407407407405,0.002579848158318806,RoK,2
rot_x,85.9254604083129,12.340996626014311,0.047407407407407405,0.009496556573549643,RoK,2
rot_y,82.6580116600932,16.544478575905636,0.047407407407407405,0.006700094200848072,RoK,2
rot_z,92.23580286379449,6.760761672104647,0.047407407407407405,0.016336312733505064,RoK,2
trans_x,79.16778866620703,20.051370230585782,0.04666666666666666,0.0023732371742230655,AlM,1
trans_y,81.89268224129464,17.585263742831007,0.04666666666666666,0.01602965596622858,AlM,1
trans_z,82.85784326125258,15.681612805370515,0.04666666666666666,0.0020978574486848396,AlM,1
rot_x,69.58182875956706,29.072820559924985,0.04666666666666666,0.01973929321609915,AlM,1
rot_y,75.76602762953894,23.689256718069906,0.04666666666666666,0.0010316852007314682,AlM,1
rot_z,87.16665404176707,11.834898380825255,0.04666666666666666,0.008317325445759452,AlM,1
trans_x,90.52194553868824,8.138019635404193,0.04814814814814815,0.02031227962561703,AlM,2
trans_y,87.82886288654133,10.646998883107353,0.04814814814814815,0.2862108592572589,AlM,2
trans_z,89.09198031576241,9.985264791809357,0.04814814814814815,0.02099334484824037,AlM,2
rot_x,87.38330629211042,9.691930661593307,0.04814814814814815,0.10093455820785371,AlM,2
rot_y,93.28328752511892,5.385013918642524,0.04814814814814815,0.006827042836113385,AlM,2
rot_z,86.09415016305636,10.62085443013338,0.04814814814814815,0.028242975982400356,AlM,2
trans_x,88.86606577068281,3.4734105940092963,0.05222222222222222,0.005161238541706093,ErG,1
trans_y,92.22715565504909,1.9511981768439772,0.05222222222222222,0.1369245395492527,ErG,1
trans_z,89.39870861157102,3.0306778277941357,0.05222222222222222,0.003340354743686346,ErG,1
rot_x,89.69686789253954,2.608865017463025,0.05222222222222222,0.1970935699864715,ErG,1
rot_y,88.90777478567063,3.8848145336993816,0.05222222222222222,0.0017691407700307189,ErG,1
rot_z,90.1188281269023,1.7163586749869986,0.05222222222222222,0.062001610248259946,ErG,1
trans_x,89.52178112378546,8.100461453787533,0.048888888888888885,0.002015219965535231,SiC,1
trans_y,89.54141105479736,7.495115874065082,0.048888888888888885,0.01890169003071159,SiC,1
trans_z,91.54186162099508,6.151203484944897,0.048888888888888885,0.001907973137852473,SiC,1
rot_x,93.36484409590675,4.143751098523259,0.048888888888888885,0.010682668454002604,SiC,1
rot_y,86.9637689318494,12.006011810199675,0.048888888888888885,0.0019537278272225697,SiC,1
rot_z,92.7843138919831,4.462524151707506,0.048888888888888885,0.01778893853010183,SiC,1
trans_x,78.36759743801265,19.992523822842614,0.04703703703703704,0.0033171389040119433,SiC,2
trans_y,91.60634811336797,7.147573175627232,0.04703703703703704,0.012114761265163553,SiC,2
trans_z,85.75100442011629,13.357512640879417,0.04703703703703704,0.0016705527220637968,SiC,2
rot_x,82.09499162333631,16.271322107649464,0.04703703703703704,0.012389401397456264,SiC,2
rot_y,88.7543193644774,9.40667689546067,0.04703703703703704,0.0015758688157872808,SiC,2
rot_z,88.13529372507011,7.782608014238585,0.04703703703703704,0.008397997150277729,SiC,2
trans_x,75.90742440964327,23.929091221027196,0.044814814814814814,0.0028948145859116923,AzN,1
trans_y,82.1075297830118,17.397325349448163,0.044814814814814814,0.012288367140242937,AzN,1
trans_z,77.71105947006178,21.99702658774374,0.044814814814814814,0.002305932761379789,AzN,1
rot_x,82.44081777672098,17.147672697461417,0.044814814814814814,0.013440758422288555,AzN,1
rot_y,70.47722414176641,28.941998798245972,0.044814814814814814,0.002275633678949674,AzN,1
rot_z,85.64693946743809,13.473813348174659,0.044814814814814814,0.01769019882100054,AzN,1
trans_x,78.33211950682296,21.132443362704763,0.04518518518518518,0.0021914370958329103,AzN,2
trans_y,79.07414997747654,20.188617193890774,0.04518518518518518,0.008263309578965249,AzN,2
trans_z,79.98973812766776,19.342350640871565,0.04518518518518518,0.0014212286264558387,AzN,2
rot_x,74.82627900403703,24.362552105740846,0.04518518518518518,0.013381657213279214,AzN,2
rot_y,80.00046338061081,19.50369632346726,0.04518518518518518,0.001309883808227147,AzN,2
rot_z,90.1125710605431,9.332361400318398,0.04518518518518518,0.012120748058117713,AzN,2
trans_x,84.23994723810914,3.5755803852598116,0.05296296296296296,0.013857473720968655,TzS,1
trans_y,90.90702074522511,2.8542258194232297,0.05296296296296296,0.016387478789087494,TzS,1
trans_z,84.19747080780233,4.129977613663887,0.05296296296296296,0.007957850705046218,TzS,1
rot_x,82.54654273961157,1.7428638975309159,0.05296296296296296,0.030722008206875383,TzS,1
rot_y,85.18965037541642,2.076225567184436,0.05296296296296296,0.008252853170002943,TzS,1
rot_z,84.96316901389883,1.949292590092544,0.05296296296296296,0.02068776936021362,TzS,1
trans_x,86.67517114473335,7.378857156663906,0.04777777777777777,0.02367614116311039,TzS,2
trans_y,88.31263236128672,8.407295928834017,0.04777777777777777,0.03382760261788162,TzS,2
trans_z,87.37333128953266,11.703951037947595,0.04777777777777777,0.010714436418215078,TzS,2
rot_x,84.93596245694745,12.49448097438478,0.04777777777777777,0.037747943868455786,TzS,2
rot_y,88.62179551716545,9.550476443689321,0.04777777777777777,0.01414937566881962,TzS,2
rot_z,85.89029538378688,12.744697809151662,0.04777777777777777,0.036697487746718035,TzS,2
trans_x,86.3464343039034,4.732958518614548,0.05074074074074074,0.004597465781887634,NoL,1
trans_y,92.11605267305409,3.803465053393344,0.05074074074074074,0.04055154698559373,NoL,1
trans_z,90.2088630071173,5.827292586667648,0.05074074074074074,0.011188309821670404,NoL,1
rot_x,93.1494909691688,2.7261309532089433,0.05074074074074074,0.041885318254829204,NoL,1
rot_y,88.73637840719755,4.849882499663218,0.05074074074074074,0.009676385156774908,NoL,1
rot_z,94.2772840031567,2.3085167276170906,0.05074074074074074,0.01728418822744094,NoL,1
trans_x,92.72397953404207,4.0301073458830325,0.05037037037037037,0.01525744795554167,NoL,2
trans_y,90.86388423578343,4.843860119483409,0.05037037037037037,0.048588774079493406,NoL,2
trans_z,91.34071720062244,6.912764626164383,0.05037037037037037,0.023426199282590144,NoL,2
rot_x,92.18789495874553,3.4678530465972797,0.05037037037037037,0.04761087551826596,NoL,2
rot_y,90.65771467978611,6.9297598970111505,0.05037037037037037,0.012735922173691544,NoL,2
rot_z,84.10170343292086,9.943714898489958,0.05037037037037037,0.01242381148726311,NoL,2
trans_x,92.35606251123302,6.302706116807336,0.04777777777777777,0.0028032777498097363,OmS,1
trans_y,86.50879247411723,11.101162973208957,0.04777777777777777,0.009542754304953672,OmS,1
trans_z,87.01056992896244,10.681744083444151,0.04777777777777777,0.0016819702093830375,OmS,1
rot_x,86.00337063083778,12.763060118271278,0.04777777777777777,0.013157137323949398,OmS,1
rot_y,87.3276730712895,11.437845737712166,0.04777777777777777,0.0022686110680406697,OmS,1
rot_z,85.43757633043484,12.832147661231463,0.04777777777777777,0.012687825321779825,OmS,1
trans_x,86.12610824876691,11.92862696852702,0.04814814814814815,0.0017573842801436794,OmS,2
trans_y,89.28323690000173,6.522221072909329,0.04814814814814815,0.014399513126095902,OmS,2
trans_z,85.99825498440941,12.561903990811595,0.04814814814814815,0.003504290884637942,OmS,2
rot_x,85.39833661546123,11.786522840415202,0.04814814814814815,0.009975436531832993,OmS,2
rot_y,82.02667590455582,16.736088094792045,0.04814814814814815,0.0018464800201296126,OmS,2
rot_z,91.28301591972658,7.872270094212191,0.04814814814814815,0.017520913953784766,OmS,2
trans_x,85.35015938546421,12.61793241251983,0.04777777777777777,0.001814656531085955,YoY,1
trans_y,83.8056507155356,14.178814631150717,0.04777777777777777,0.029396807516380172,YoY,1
trans_z,86.08359478735042,12.355125536241584,0.04777777777777777,0.0054065636152790565,YoY,1
rot_x,88.60375353388676,9.644113369264087,0.04777777777777777,0.028437321925650766,YoY,1
rot_y,87.11468322312501,11.248059057139738,0.04777777777777777,0.0024869732250345773,YoY,1
rot_z,94.06948107079822,4.0385297780536416,0.04777777777777777,0.024992711770343526,YoY,1
trans_x,77.65880426923188,22.1509952502549,0.044814814814814814,0.007613031014091796,RoL,1
trans_y,78.550729154052,20.844927928535647,0.044814814814814814,0.012948407469764655,RoL,1
trans_z,86.6079366690396,12.658655188065854,0.044814814814814814,0.0050217313922818925,RoL,1
rot_x,87.18076327672784,11.549994679394862,0.044814814814814814,0.03980641859574881,RoL,1
rot_y,83.7883466667259,15.970172463366973,0.044814814814814814,0.01259683628799468,RoL,1
rot_z,82.19581626051954,17.239163197465764,0.044814814814814814,0.020957472200317757,RoL,1
trans_x,86.88114119677957,11.357364726887822,0.047407407407407405,0.017707000485724763,RoL,2
trans_y,88.99553435634402,9.455338066564122,0.047407407407407405,0.1099874031772885,RoL,2
trans_z,87.40726619705603,11.46673880371768,0.047407407407407405,0.02537014065933439,RoL,2
rot_x,90.60601450315092,7.350417391766483,0.047407407407407405,0.16492179690715847,RoL,2
rot_y,90.24836806727882,7.998345166131885,0.047407407407407405,0.04227873309763578,RoL,2
rot_z,88.21736907474256,10.683240813276903,0.047407407407407405,0.030882772217210835,RoL,2
trans_x,45.57394133582171,54.38684142998137,0.04037037037037037,0.01108738505412556,NeI,1
trans_y,62.15577743719671,37.816845370495976,0.04037037037037037,0.01602507736953463,NeI,1
trans_z,58.843699424263626,41.13597464620758,0.04037037037037037,0.011084039076711008,NeI,1
rot_x,76.43106620851445,23.525486687080242,0.04037037037037037,0.012067108089935026,NeI,1
rot_y,51.46557581364868,48.49677019000733,0.04037037037037037,0.00730369036245401,NeI,1
rot_z,60.83108214330219,39.13514018798114,0.04037037037037037,0.017797056774329193,NeI,1
trans_x,89.62898113624563,8.102134069164801,0.049999999999999996,0.0023312412448529755,NeI,2
trans_y,90.15685098434308,6.451887659433,0.049999999999999996,0.012125766864631125,NeI,2
trans_z,91.51512657229082,4.127985526850296,0.049999999999999996,0.0032474448139780247,NeI,2
rot_x,89.48896766735065,4.6987364201696105,0.049999999999999996,0.019233834181013217,NeI,2
rot_y,92.02057327818544,6.0464122209441005,0.049999999999999996,0.0032257072470250467,NeI,2
rot_z,91.52012282359098,3.4033557732380486,0.049999999999999996,0.008805479119140848,NeI,2
trans_x,90.01984687553204,1.9663672830034127,0.05259259259259259,0.014258414542699238,ShKh,1
trans_y,92.66933874392011,2.3773179596566223,0.05259259259259259,0.02178684297551301,ShKh,1
trans_z,90.60115547860364,1.5319838350291486,0.05259259259259259,0.004596586741172558,ShKh,1
rot_x,88.50622352300392,1.761977492181967,0.05259259259259259,0.04226635419981897,ShKh,1
rot_y,92.99092545413951,2.6204535523941006,0.05259259259259259,0.010480988391842593,ShKh,1
rot_z,91.39674358770206,3.320618381759203,0.05259259259259259,0.01731094613620331,ShKh,1
trans_x,91.37215983415783,2.890976992040746,0.05222222222222222,0.0041338975379650615,ShKh,2
trans_y,89.63665962204162,2.498487269892811,0.05222222222222222,0.042301327254872324,ShKh,2
trans_z,90.62851910412863,4.907494149292812,0.05222222222222222,0.0042886317516852655,ShKh,2
rot_x,92.54033268933877,1.729043856557274,0.05222222222222222,0.020410136159656946,ShKh,2
rot_y,89.38697545473835,4.351764296786672,0.05222222222222222,0.0077604020977625095,ShKh,2
rot_z,90.67957072040491,2.871833896040668,0.05222222222222222,0.014396000549409918,ShKh,2
