motion_param,r_zero_order,p_zero_order,r_partial,p_partial,attenuation,percent_attenuation,rho_spearman,p_spearman,subject,run
trans_x,0.0705657399755866,0.13501217238180022,-0.010011548669647161,0.832269594716793,0.06055419130593944,85.81245137780625,0.06287853273349499,0.1830367021608899,LA,1
trans_y,-0.08568885747327504,0.06936718249390546,-0.25904336167039976,2.4709885414377012e-08,-0.17335450419712473,-202.30693850853498,-0.14396416772428508,0.0022029755489918427,LA,1
trans_z,-0.07578172219668908,0.10840336125400661,-0.17070884170716122,0.00027481992089386056,-0.09492711951047214,-125.26387202456522,-0.09611194787793191,0.04156078692364328,LA,1
rot_x,-0.19988824789105536,1.9402189226138043e-05,-0.3376745620759469,1.8317474222580974e-13,-0.13778631418489157,-68.93167339181888,-0.2165363121134755,3.5561802119499414e-06,LA,1
rot_y,0.16508087690040507,0.00043759243209428466,0.18338299386363566,9.132668363419813e-05,-0.018302116963230586,-11.086757780110675,0.2464697603444956,1.1850559847347898e-07,LA,1
rot_z,0.17580352038371344,0.00017809714388880265,0.2293801705919647,8.739718111501376e-07,-0.05357665020825125,-30.475299977675892,0.1853561745983931,7.641021719184782e-05,LA,1
trans_x,-0.007555775890934422,0.8730081423090288,0.007597713814930553,0.8723092926920141,-4.193792399613018e-05,-0.5550445725428169,-0.020728925410331247,0.660986902316469,LA,2
trans_y,0.05166348058721694,0.2741172044836368,0.02316619785281762,0.6240431697199268,0.028497282734399318,55.159432563377045,-0.006061001124285388,0.8979773876642021,LA,2
trans_z,-0.23235247497372596,6.241264283878806e-07,-0.22734917720122463,1.0972047961687877e-06,0.0050032977725013306,2.153322349188273,-0.1176438402164949,0.012512919978902358,LA,2
rot_x,0.02411310435287348,0.6099339966800311,0.043005848793200144,0.3627299211850913,-0.018892744440326664,-78.35052743043131,0.040257449831027976,0.3942364852809237,LA,2
rot_y,0.010385519922557231,0.826102221936778,0.05546707496657202,0.24028853885335602,-0.04508155504401479,-434.0808681720225,0.07840176988528338,0.09669646078582758,LA,2
rot_z,0.028474935409534413,0.5468501963239906,-0.02783216522120354,0.5559408729853211,0.0006427701883308726,2.257319214552636,0.03167574490079787,0.502702691263779,LA,2
trans_x,-0.15550801161952815,0.0009336107669721583,0.013180398619796663,0.7803730395270416,0.14232761299973148,91.52429609090217,-0.15154056727852155,0.001262544276997474,BS,1
trans_y,0.004554857303229725,0.9232387312909492,-0.11042405303077751,0.019124138137081796,-0.10586919572754779,-2324.314214025516,0.00820567015145754,0.8621897901334475,BS,1
trans_z,-0.1197549824390033,0.011006989439749329,-0.10824935439341754,0.02163696080170856,0.011505628045585761,9.607640376421168,-0.12172484802394087,0.009748932307687745,BS,1
rot_x,-0.005884297168600994,0.9009362712373057,-0.03915557284540944,0.4073179292302842,-0.033271275676808446,-565.4248030562802,-0.014175740785551205,0.7642598728066323,BS,1
rot_y,-0.3519788141456299,1.4328535398678556e-14,-0.33254789681390273,4.4240291857706425e-13,0.019430917331727193,5.520479230800444,-0.33471368582890126,3.0542652245230987e-13,BS,1
rot_z,0.0062525068638048685,0.8947722471058208,-0.06428574787400791,0.17341190520929384,-0.058033241010203046,-928.159573021049,0.00941891071067018,0.8420640886256104,BS,1
trans_x,-0.22110450205554694,2.1794448422853223e-06,-0.13403403370683717,0.004396100905067321,0.08707046834870977,39.37978084536492,-0.28298417934574166,9.859337288110511e-10,BS,2
trans_y,0.33756708161487986,1.8662398345593852e-13,0.17167229453730634,0.0002534105025345815,0.16589478707757352,49.144243059469254,0.3774450902638203,1.1015797915291823e-16,BS,2
trans_z,-0.424173211477277,4.442936222910223e-21,-0.2790726612371226,1.7053127688167884e-09,0.1451005502401544,34.20785337546651,-0.47510680711180475,1.0194475694574367e-26,BS,2
rot_x,0.07636052578888863,0.10572539718649118,-0.011697935727539945,0.8045453046758839,0.0646625900613487,84.6806506284663,0.037373353284049136,0.4290141296384269,BS,2
rot_y,-0.21537199641465715,4.022116075587136e-06,-0.02882609940180071,0.5419148708512893,0.18654589701285645,86.61566968701835,-0.17400138601507498,0.00020792076234950427,BS,2
rot_z,0.06138519762093014,0.19367606959427747,0.006241955160905259,0.8949488018678956,0.05514324246002488,89.83149781572588,0.10410026716181316,0.027233076838061032,BS,2
trans_x,-0.3140355424049095,2.7323359063900064e-08,-0.3257664738453032,7.593610439094189e-09,-0.011730931440393721,-3.735542591949084,-0.27321859131768134,1.553356553368373e-06,OE,1
trans_y,0.04661769192572962,0.42110319603623275,-0.1764709534990508,0.002155549943754986,-0.12985326157332117,-278.5493150973686,0.20398893321036898,0.0003766825627890532,OE,1
trans_z,-0.11582945366210998,0.045005645151029554,0.1822952243380393,0.001519803835731034,-0.06646577067592932,-57.38244338941533,-0.10283936488183201,0.07531976185584584,OE,1
rot_x,0.05090922470491355,0.3795843386764369,0.20059659661177026,0.0004731279663047001,-0.14968737190685671,-294.02799350116504,0.01826286958743986,0.7527404597490495,OE,1
rot_y,-0.3112991721703319,3.654555316485723e-08,-0.3515118318859888,3.752891706615915e-10,-0.04021265971565691,-12.91768925541953,-0.24451649462771807,1.8467689641496106e-05,OE,1
rot_z,-0.14651859332181388,0.011056464052930063,-0.23989161136590326,2.6788824214843265e-05,-0.09337301804408937,-63.727760366225056,-0.1425953621706908,0.013429971016458481,OE,1
trans_x,0.07496966506511775,0.19534961648056845,0.08635355051374918,0.13563831587077835,-0.011383885448631434,-15.184655605361886,0.16880676451960575,0.0033604203204889785,OE,2
trans_y,-0.29753309929177096,1.5101699343005595e-07,-0.28324268841305067,6.102536649607551e-07,0.014290410878720294,4.802965086148831,-0.28818631318125754,3.7972341184066675e-07,OE,2
trans_z,0.008519111796024714,0.8831777885484958,0.16262346598096467,0.004746047397150779,-0.15410435418493995,-1808.9251306321617,0.0034511494572161913,0.9525329221799335,OE,2
rot_x,0.15581406961054534,0.006850061608781841,0.015839894957765402,0.7846788582601191,0.13997417465277995,89.83410484216417,0.23377548639429324,4.33223886409593e-05,OE,2
rot_y,0.02007345541862693,0.7291429090164412,-0.05696191890205175,0.32546513033957813,-0.036888463483424824,-183.76738191868353,0.07141946021622461,0.2174143298191927,OE,2
rot_z,-0.15125264974767885,0.008691682508072722,-0.061971755771815906,0.2846508293049923,0.08928089397586295,59.027656126885844,-0.12233602595584395,0.0341718413183931,OE,2
trans_x,-0.32772097704161307,6.10189897641772e-09,-0.229829989602755,5.8676595070725496e-05,0.09789098743885807,29.870223237625755,-0.25789753219480216,6.038258108775556e-06,OE,3
trans_y,0.02824424767785474,0.6260743221796217,-0.05674854655454327,0.32728363111796227,-0.028504298876688528,-100.92072269652868,0.08941210457893976,0.12227505028679671,OE,3
trans_z,0.027392693543857947,0.6365247262720659,0.07462262914376011,0.19743152517421322,-0.04722993559990216,-172.41800454666193,0.11571773019700218,0.04521432632793336,OE,3
rot_x,-0.20326396326146698,0.00039561052049721045,-0.0961503635475083,0.09645782367712466,0.10711359971395867,52.69679779694837,-0.18809053433927042,0.0010622875722914617,OE,3
rot_y,-0.36610636974998145,6.01999245138677e-11,-0.21725326624073504,0.00014906333209040057,0.1488531035092464,40.658430393030315,-0.38688207646751627,3.775445592844786e-12,OE,3
rot_z,-0.06364432269891765,0.2718272026175618,-0.11463833015388618,0.04727258575081158,-0.05099400745496853,-80.12341917158268,-0.016445516061289567,0.7766596502539556,OE,3
trans_x,0.2548696097454236,7.819012183012456e-06,0.15842929066217523,0.005959357555240551,0.09644031908324838,37.8390813952192,0.2345697174413049,4.07300329139906e-05,AE,1
trans_y,-0.014203893536140275,0.8064533612299171,0.0580095786926109,0.31663135345767274,-0.043805685156470625,-308.40617782027005,-0.027763864042933805,0.6319606530884547,AE,1
trans_z,0.061410740067354266,0.28904191329065365,-0.08421864570062543,0.14561209263881653,-0.02280790563327116,-37.1399296088206,0.0997691085456505,0.08450147242824245,AE,1
rot_x,-0.21661482935856824,0.00015606996757693562,-0.14744992017270117,0.01055068764058984,0.06916490918586707,31.929904979578552,-0.2167459638440427,0.0001546061162706855,AE,1
rot_y,0.4002579852068378,5.708871736620673e-13,0.3897574528099594,2.533478060269686e-12,0.010500532396878426,2.6234410767475778,0.41467127412526805,6.765517361186881e-14,AE,1
rot_z,0.03019299031153639,0.6024409435373388,0.11968416816958177,0.03828511522596578,-0.08949117785804539,-296.3971999283948,0.0038000422226913627,0.9477407737273676,AE,1
trans_x,0.04874672010702843,0.4001835491052992,-0.0001606939491241204,0.997788520979115,0.048586026157904305,99.67034920755427,-0.012435693729930333,0.8301558925804806,AE,2
trans_y,0.042438249315356356,0.4639772880014939,0.23277295519832097,4.681725679753538e-05,-0.1903347058829646,-448.49801524232913,0.15223280258669541,0.008262439403066446,AE,2
trans_z,0.3603039363272344,1.2601354965448982e-10,0.3146352869210597,2.5626013116618005e-08,0.04566864940617471,12.675034825236445,0.38726208068978546,3.5823524168996244e-12,AE,2
rot_x,0.05885067121869923,0.30965368625802936,0.020957654937781407,0.717709600039056,0.037893016280917825,64.38841817130827,0.020510894565495173,0.7234788438910722,AE,2
rot_y,0.1842117596242498,0.001351606048870816,0.0828103981551148,0.15249072714008519,0.10140136146913499,55.046084829747436,0.19181590906565626,0.000839165145945543,AE,2
rot_z,0.25161250935019325,1.0287912046163312e-05,0.3083257334424137,4.996105506566852e-08,-0.05671322409222046,-22.539906397613656,0.24665474060822898,1.551123212391873e-05,AE,2
trans_x,0.008337010218862751,0.885657673809539,-0.006700785587033977,0.9079871651367983,0.0016362246318287746,19.6260360593869,-0.03431015900176668,0.5538754838472751,AE,3
trans_y,0.13103448626131348,0.02321336789793862,0.000670463520457321,0.9907732367894421,0.13036402274085615,99.48833048490741,0.11142079356437294,0.05387814909772557,AE,3
trans_z,0.03443175133773306,0.5524706908022481,-0.15677870275535244,0.006508536981709857,-0.12234695141761938,-355.33176984680944,0.06158201757797309,0.2876965309645038,AE,3
rot_x,0.11090160369746901,0.05501270192850812,-0.034739489046748846,0.5489230960029668,0.07616211465072018,68.67539522555916,0.04558983988710986,0.4314271367036555,AE,3
rot_y,0.2604152745004563,4.858622388893167e-06,0.22999428011664533,5.794608716245897e-05,0.03042099438381099,11.681724292926482,0.26983188702096683,2.1123294434453897e-06,AE,3
rot_z,-0.15926107689367552,0.005698669333576114,-0.12204161902944866,0.03460911787579729,0.03721945786422687,23.37009053949509,-0.1421775797508861,0.013707386515213279,AE,3
trans_x,-0.09107302144114025,0.11546002584070951,0.024862283384755185,0.6679989420929727,0.06621073805638507,72.70071532564288,-0.11390704341159347,0.04871113672788064,SE,1
trans_y,0.1554147327905656,0.006996072634790742,0.2185227348856915,0.00013599795239141194,-0.06310800209512588,-40.60619026393669,0.2495898843320481,1.217654667670566e-05,SE,1
trans_z,-0.14972545653757044,0.00940006812585185,-0.08618666214846868,0.13639855115502483,0.06353879438910176,42.436868023947575,-0.19970933010366781,0.0005018907985770222,SE,1
rot_x,0.03589666397201971,0.5356841605012178,0.0637844647282905,0.2707708888375781,-0.027887800756270786,-77.68911556240555,0.012745919399104433,0.8259855591650443,SE,1
rot_y,-0.27777927401337954,1.0201066187220387e-06,-0.31330968925854397,2.9523062341872045e-08,-0.035530415245164426,-12.790880590843889,-0.18901721130234778,0.001002185906748591,SE,1
rot_z,0.12278256153761838,0.03351758220225248,0.1737034708817256,0.0025356377884804275,-0.05092090934410723,-41.4724279298457,-0.10720563561817353,0.06367450801375808,SE,1
trans_x,0.16928245470369707,0.003270776785450849,0.24264857556936867,2.1480295683302916e-05,-0.0733661208656716,-43.33947129611732,0.1333041478238647,0.020911776854580615,SE,2
trans_y,0.16912233360552623,0.003300706562376796,0.21260790538691055,0.00020758481958931856,-0.04348557178138432,-25.712495123685656,0.1426242513805709,0.013410971809757852,SE,2
trans_z,0.1447961523141889,0.01204858885243605,0.11584486879944306,0.04497691573060261,0.02895128351474585,19.994511630340366,0.06518694652162801,0.26035389938396625,SE,2
rot_x,0.1606886169891732,0.00527503114369217,0.018701883122659753,0.7469966419171895,0.14198673386651345,88.36141384929597,0.14065667396304402,0.014760286285327046,SE,2
rot_y,0.010433286037711018,0.85718372886592,0.03720164063669586,0.5209487673522543,-0.02676835459898484,-256.56686208190655,-0.034143046033844826,0.5558090252420655,SE,2
rot_z,0.23557891221763386,3.764700234945723e-05,0.1678155780292253,0.0035543976849167678,0.06776333418840855,28.76460102074291,0.27762708474538605,1.0346488649448282e-06,SE,2
trans_x,0.125773937621862,0.02940378785415263,0.15604041690761844,0.006768516563166377,-0.03026647928575643,-24.06418997292768,0.11220658007311193,0.05219803323305324,SE,3
trans_y,-0.03492677425348655,0.5467695643226443,-0.11006156087729882,0.05689032516202096,-0.07513478662381226,-215.1208871409359,0.06784519827998088,0.24137458429059452,SE,3
trans_z,0.10892743775431868,0.059509125709336134,0.11584614048997677,0.044974546349256364,-0.006918702735658089,-6.351662058978139,0.0554423938043756,0.3385582580848092,SE,3
rot_x,0.08737512953046223,0.13105544152304657,0.048297741945289074,0.4045426752299197,0.03907738758517315,44.72369631400583,0.16234269269658552,0.004819721817498128,SE,3
rot_y,-0.22949564788936955,6.019010603153415e-05,-0.2139522857262846,0.00018875018555570273,0.01554336216308494,6.772835261162668,0.03695374393048812,0.5237318776750105,SE,3
rot_z,-0.12711832007413745,0.027700604005894774,-0.2539652735798496,8.441172461294497e-06,-0.12684695350571215,-99.78652442207618,-0.11563595151057232,0.04536758949025109,SE,3
trans_x,-0.36178352057614455,1.0452534985665595e-10,-0.24790756847669304,1.3993776691948463e-05,0.1138759520994515,31.47626843757358,-0.3377393082145357,1.94069202962087e-09,SP,1
trans_y,0.3525632657410128,3.299522694787844e-10,0.3898856921646199,2.4885762949337637e-12,-0.03732242642360706,-10.586022439167982,0.2817773530817009,7.011748053042182e-07,SP,1
trans_z,-0.19475177521960474,0.000694731800735589,-0.0755238720336044,0.19205814961834644,0.11922790318600034,61.22044487222637,-0.24081112012355693,2.4893732853700095e-05,SP,1
rot_x,-0.1409218588625651,0.014571751143826583,-0.10904718480720987,0.05922800176744241,0.03187467405535524,22.61868691814604,-0.07125501394459938,0.21847791992327897,SP,1
rot_y,-0.39100879107948755,2.1271197643511165e-12,-0.25053709723857653,1.125440220276139e-05,0.14047169384091102,35.92545667658781,-0.44833253702818915,3.066152399408897e-16,SP,1
rot_z,0.3204439852525772,1.3668219049147193e-08,0.2869865769215824,4.26416476726231e-07,0.03345740833099481,10.440953761270737,0.2978993099923332,1.4556056869027257e-07,SP,1
trans_x,-0.04524670981092258,0.43490583297123986,-0.05272908723962601,0.36276177470157445,-0.007482377428703425,-16.536843142785102,-0.03460260669562995,0.550499691473544,SP,2
trans_y,-0.09819469128329346,0.08954796274686042,-0.1121764375431086,0.052261668262456595,-0.013981746259815145,-14.23880056761679,-0.0032040356003955597,0.9559281498915542,SP,2
trans_z,0.06132112273708826,0.2897475341586585,0.07133758709027407,0.21794339710432564,-0.010016464353185817,-16.33444383614923,0.06079445327170301,0.293917682981833,SP,2
rot_x,-0.017319209906960085,0.7651326230292064,-0.054362848778869634,0.3480618017650662,-0.03704363887190955,-213.88757957730385,-0.1459585106501183,0.011370844047969387,SP,2
rot_y,-0.18785121189868698,0.0010783394404446818,-0.12660265989365066,0.02834360889001493,0.061248552005036316,32.60482132958995,-0.20238358203980045,0.0004197842424135314,SP,2
rot_z,0.1684128282951434,0.00343633595911638,0.09272145768054735,0.10899367688118308,0.07569137061459605,44.94394600507923,0.20775964177379747,0.00029110245141404433,SP,2
trans_x,-0.2395890711349948,2.7441642633656386e-05,-0.05003579875647708,0.3878249532115817,0.1895532723785177,79.11599284581526,-0.23019411326792516,5.706909164579654e-05,SP,3
trans_y,-0.35181581425045716,3.6159426303329503e-10,-0.22607391525625403,7.794411629002149e-05,0.12574189899420313,35.740831964048,-0.3569746330514783,1.9124946069732578e-10,SP,3
trans_z,0.08485685305061091,0.14257369263633,-0.07326043269563028,0.20575967383037322,0.011596420354980638,13.665861905183098,0.0008826764741830464,0.987853008928343,SP,3
rot_x,0.2909013520525189,2.914889324729082e-07,0.09902778755959551,0.08684835772011895,0.19187356449292337,65.95829243800931,0.3403815597951088,1.4247588635221934e-09,SP,3
rot_y,0.21936440178993383,0.00012793583608095637,0.06637988396908148,0.25171317406797294,0.15298451782085234,69.73990153942675,0.27030878120868007,2.0233611228460247e-06,SP,3
rot_z,0.4068143906938874,2.191480304033694e-13,0.26600430568105426,2.9748566281836794e-06,0.14081008501283315,34.61285741948777,0.38516650185002055,4.78119287937307e-12,SP,3
trans_x,0.18811116704610414,5.938464059178285e-05,0.2891947823406019,4.058423814738058e-10,-0.10108361529449778,-53.736105560242045,0.24943102599683628,8.253901710209643e-08,OfA,1
trans_y,-0.4258944905555184,2.966363683227321e-21,-0.37500357368228215,1.7903483693264992e-16,0.05089091687323627,11.949184129350053,-0.22192616589053119,1.99350166479185e-06,OfA,1
trans_z,-0.2288491072359609,9.277205240504014e-07,-0.32769769370461577,1.0036766002508347e-12,-0.09884858646865485,-43.19378286528966,-0.30464565257112386,4.0533260301491826e-11,OfA,1
rot_x,-0.33044282719616,6.324203156252928e-13,-0.49050567642149656,1.2834185515278952e-28,-0.16006284922533653,-48.43889352463347,0.0356222993693796,0.45096896513758955,OfA,1
rot_y,-0.09622083322039232,0.04132931704402032,-0.15913044779238675,0.0007043256429703228,-0.06290961457199443,-65.38045085090974,-0.2177741783086995,3.1175444076619787e-06,OfA,1
rot_z,-0.007678272021923019,0.870967157381426,0.011986033817209828,0.7998323385967795,-0.004307761795286809,-56.103271452056894,0.10611021947433487,0.024383289449041293,OfA,1
trans_x,0.05663022061173088,0.23055537345114382,0.1636601962462218,0.0004909783939817225,-0.10702997563449092,-188.99798460668504,0.015134560335277379,0.7488334815166894,OfA,2
trans_y,-0.028893392286239727,0.5409716589683523,-0.20795693949225538,8.672129077654355e-06,-0.17906354720601567,-619.7387466036427,-0.11625650826259228,0.013598938941156095,OfA,2
trans_z,0.14849024789562149,0.0015846296046203667,0.21752885387904838,3.2001434568578946e-06,-0.0690386059834269,-46.49369703521293,0.00784747908220123,0.8681493030458134,OfA,2
rot_x,0.12237474738417678,0.009362839291202234,0.13774824153542053,0.0034123403027358622,-0.015373494151243755,-12.562636066557936,0.14829169526763097,0.0016080078113703228,OfA,2
rot_y,-0.1740227821820434,0.0002075407577032502,-0.16316539116241122,0.0005109512707164531,0.010857391019632179,6.239063002839695,0.006345446973400693,0.8932173662488525,OfA,2
rot_z,-0.18532607893337563,7.661939237245517e-05,-0.23777171851528434,3.3388734467815145e-07,-0.052445639581908704,-28.299114665218166,-0.17540136000671613,0.00018438241520071837,OfA,2
trans_x,-0.1944700307242925,3.273157525543279e-05,-0.09968401125650155,0.034514951720484764,0.09478601946779096,48.74068210652605,-0.19365369705529414,3.537130311214748e-05,SS,1
trans_y,-0.2689355486424714,6.781698156944792e-09,-0.18306413300574745,9.398044833557494e-05,0.08587141563672393,31.930109675044562,-0.239981234475232,2.575992364331755e-07,SS,1
trans_z,0.01867770855021807,0.6927347737102746,0.021350273385100288,0.6514854813667373,-0.0026725648348822177,-14.308847510370937,-0.0035360174618146267,0.9403723595498189,SS,1
rot_x,0.04670012334481699,0.3229356247767703,-0.02646519609977937,0.57551476980605,0.020234927245037622,43.32949421916975,0.0028492650992515195,0.9519373670982936,SS,1
rot_y,0.03948937932036534,0.40332801190763484,0.017667818052569294,0.7085696551703181,0.02182156126779605,55.25931691851713,0.12579163353893108,0.007548122991193562,SS,1
rot_z,0.14582430157040108,0.001926138513234491,0.06341463139756962,0.179324496205877,0.08240967017283146,56.51298808590262,0.15285441738806943,0.0011433541621789708,SS,1
trans_x,0.0025691171043475,0.9566581362849357,0.012620339183624929,0.7894816012830832,-0.010051222079277429,-391.23253908000515,0.06911053058698233,0.14326808822586856,SS,2
trans_y,-0.09461468027675989,0.044856236250308414,-0.11699909329618298,0.01300773336371301,-0.022384413019423094,-23.658498822747017,-0.10102996393397828,0.03213773049851145,SS,2
trans_z,0.06142539929318838,0.1933838456582036,0.08692783311387141,0.06541990886633096,-0.025502433820683026,-41.517733892062886,0.07841204154094589,0.0966526324839523,SS,2
rot_x,-0.20336853785661846,1.3762573375394782e-05,-0.2132500484323222,5.02516100725749e-06,-0.009881510575703745,-4.8589180410347135,-0.13629176769597218,0.0037714442644315323,SS,2
rot_y,0.1778997618373997,0.00014846050000507993,0.21002770403167903,7.016699432206878e-06,-0.032127942194279335,-18.059575719749564,0.13317339838715253,0.004657833389573436,SS,2
rot_z,-0.12264069601775822,0.009208805257263131,-0.09968637983452565,0.034510640282680756,0.02295431618323257,18.716720410579548,-0.013366782058183004,0.7773483635452512,SS,2
trans_x,0.103373984795973,0.028331057333360478,0.14284324907215873,0.0023868821524257733,-0.03946926427618573,-38.18104173316465,0.11167363789450813,0.01779850071076915,OzO,1
trans_y,-0.027549005669801167,0.5599687785192738,0.04760787448803727,0.3136090337183591,-0.020058868818236104,-72.81158913196042,-0.07618980834473257,0.10650976433819472,OzO,1
trans_z,-0.008500773838533445,0.8572857641576809,-0.08219804092400382,0.0815465172394107,-0.07369726708547038,-866.9477448206602,-0.027823742339468344,0.5560604836800895,OzO,1
rot_x,0.05340759678261546,0.25822257859261927,0.08308833165027268,0.07828700159547868,-0.029680734867657224,-55.57399444215117,0.0990496413974061,0.03568630271210332,OzO,1
rot_y,-0.008291948432093476,0.8607554632965931,0.0035692145236983653,0.9398136140656965,0.004722733908395111,56.95565942156683,-0.017812960393220053,0.7062859193669873,OzO,1
rot_z,0.09390933998343161,0.04648320234836586,0.08924046542903073,0.058546104121305766,0.004668874554400876,4.9716828541491225,0.08023012459320789,0.08914116949413323,OzO,1
trans_x,0.11203109133365619,0.017434366712850723,0.16718183813060494,0.00036846656184883137,-0.05515074679694876,-49.22807243990532,0.07118237620926525,0.13162634340254473,OzO,2
trans_y,0.18449253529170684,8.263187073645375e-05,0.28642933231779844,6.041933179442422e-10,-0.1019367970260916,-55.25253196012304,0.19688084056382174,2.598214278526897e-05,OzO,2
trans_z,0.0729141717585238,0.1224678458475464,0.016387491573354188,0.7288260302733987,0.05652668018516961,77.5249568388076,0.1296823523408346,0.005869766779083029,OzO,2
rot_x,0.05138723392747497,0.2766945622858291,0.12131932879279136,0.009996948981788956,-0.0699320948653164,-136.08845917648458,0.16529431421060517,0.0004300552366822771,OzO,2
rot_y,-0.072145311161181,0.12647072708666923,-0.0780255576170844,0.09831267298854343,-0.005880246455903404,-8.150559421340981,-0.11784795645081375,0.012359770339937707,OzO,2
rot_z,0.2630891795131233,1.4655111231102373e-08,0.27149864932740353,4.809190218303472e-09,-0.008409469814280257,-3.1964331751852915,0.23141888766528892,6.940847851873879e-07,OzO,2
trans_x,0.13461142818878657,0.004228031098773962,0.15016032863243975,0.0013999876310185943,-0.015548900443653174,-11.550951247502203,0.15516488147266574,0.0009585723652279385,EdZ,1
trans_y,0.09229641858677903,0.050390366300826,-0.02646808223624132,0.5754731030526974,0.06582833635053771,71.32274183384973,0.09683504609899309,0.04004390314595092,EdZ,1
trans_z,-0.03671334477549037,0.4372157243173137,-0.05779264191824317,0.22111066353479103,-0.0210792971427528,-57.41589950917581,0.06662795042609267,0.15823592656800045,EdZ,1
rot_x,-0.20509991592244764,1.1575573669066916e-05,-0.2278426133894344,1.038413091516032e-06,-0.02274269746698676,-11.08859424183588,-0.17304361996849368,0.0002256137521062685,EdZ,1
rot_y,0.16130192389549544,0.0005931419567276306,0.06668975791201787,0.1578494833384408,0.09461216598347758,58.65532394069587,0.14188863484099512,0.0025544329019989197,EdZ,1
rot_z,0.1424259737856468,0.0024588472733565302,0.17873574935266456,0.00013798665915807298,-0.036309775567017755,-25.493787826695502,0.20369884954164386,1.3317122490942563e-05,EdZ,1
trans_x,-0.22620888060611527,1.2455291793276896e-06,-0.2124485426762424,5.462871400366898e-06,0.013760337929872857,6.083022864974499,-0.25423763409531247,4.543709954403654e-08,MaD,1
trans_y,0.14420560531324864,0.0021650981562496927,0.062275334997030994,0.18728105029999148,0.08193027031621763,56.81489990506662,0.16830272412867886,0.0003358903569190623,MaD,1
trans_z,0.23427262817322897,5.009150782602499e-07,0.20863131332351337,8.095950205482771e-06,0.025641314849715602,10.94507499645053,0.25015267565107324,7.552233193186792e-08,MaD,1
rot_x,-0.04613326424375552,0.3288502524420628,0.03857165763830427,0.4143534812653175,0.00756160660545125,16.390790310214758,0.008865558183826424,0.8512313861049153,MaD,1
rot_y,-0.014091755106348566,0.7656156658664882,-0.023529746806851874,0.6186095398167107,-0.009437991700503308,-66.97527475659393,-0.06599611191495597,0.16222746197775864,MaD,1
rot_z,-0.04733029689508621,0.3164420343204586,0.11702536569687749,0.012987238265825271,-0.06969506880179129,-147.25254936870462,-0.045751600419425956,0.3328717197644081,MaD,1
trans_x,-0.21714561736402493,3.333377073718625e-06,-0.18340091266954617,9.117966534960361e-05,0.033744704694478767,15.540126991330812,-0.2540643328279811,4.643551697753581e-08,MaD,2
trans_y,-0.1558962586230658,0.0009060915791282013,-0.13542177045436238,0.004001946354770888,0.020474488168703425,13.133405733749983,-0.1446378829854304,0.0020987643748620033,MaD,2
trans_z,-0.0010205216965613576,0.9827763441518718,0.055155492308982666,0.24294416149250944,-0.054134970612421306,-5304.636912162554,-0.012102183220657882,0.7979343054031545,MaD,2
rot_x,-0.006051080342590028,0.8981434727345926,0.026208210890840026,0.5792305113501486,-0.020157130548249996,-333.1162273020191,0.12265732999504528,0.009199246402381721,MaD,2
rot_y,-0.07302843127138614,0.12188149733718563,-0.14763377135651093,0.0016877534761454156,-0.07460534008512479,-102.15930807534203,-0.18510702110463098,7.815825727678715e-05,MaD,2
rot_z,0.20996932738642407,7.05892918212949e-06,0.121843334356222,0.00967750500705668,0.08812599303020208,41.970888856550204,0.1962817923380692,2.752389109183563e-05,MaD,2
trans_x,0.10486648208869521,0.026114596298132408,0.13542034462061098,0.004002334363939963,-0.030553862531915763,-29.135965966774354,0.07258103332197527,0.12418996457711728,RoH,1
trans_y,-0.10468489765866631,0.02637602249020853,-0.0511940897739378,0.27850632932484476,0.053490807884728514,51.09696726182957,-0.1025608356913697,0.029605259376706074,RoH,1
trans_z,0.1743042360115687,0.00020260216845975222,0.14028129284030877,0.002860926583690583,0.03402294317125992,19.519286478500614,0.23903716396953403,2.8788155225386665e-07,RoH,1
rot_x,0.1967187145160625,2.6391120433327975e-05,0.22184418818812476,2.0113482305662063e-06,-0.025125473672062276,-12.772284392906975,0.054076382270200514,0.25230008911465074,RoH,1
rot_y,-0.08826114489255613,0.06138023896690719,-0.16591926061075507,0.00040867522248196357,-0.07765811571819894,-87.98675318877329,0.09087366686584462,0.054061027940882675,RoH,1
rot_z,-0.09363834871235682,0.0471213100453272,-0.08474030203354475,0.07251919794152671,0.008898046678812069,9.502566844857071,-0.014066966585843225,0.7660159675875953,RoH,1
trans_x,-0.18671285836116075,6.752056928811099e-05,-0.06853409350842311,0.14664315056659916,0.11817876485273764,63.2943900543492,-0.06508838726775606,0.16809375672083282,RoH,2
trans_y,-0.2740873704661172,3.386283387888469e-09,-0.2408892881101412,2.3138073208421927e-07,0.03319808235597599,12.112226221703985,-0.2290637813849287,9.056221369675199e-07,RoH,2
trans_z,-0.1342168286556869,0.004342250716326291,-0.1448850939945761,0.0020616696023996366,-0.010668265338889205,-7.94853033389504,-0.012528325242758404,0.7909808583965297,RoH,2
rot_x,0.08872354409321997,0.06002826251184653,-0.0032937283271870944,0.9444512383651006,0.08542981576603288,96.28765018254181,0.10387573930406242,0.027568538080144617,RoH,2
rot_y,-0.1278525743957104,0.0066121259069282096,0.02083910863278529,0.6592979893827952,0.10701346576292511,83.7006734269682,-0.15953705121177555,0.0006821396647078609,RoH,2
rot_z,0.04036352358273856,0.39299069360985694,-0.0036774645294903527,0.9379918460648625,0.036686059053248204,90.88913899711417,0.021454657389254596,0.6498947462924926,RoH,2
trans_x,0.044661637754647876,0.3445297005038972,0.03821780045137341,0.4186517202268806,0.006443837303274469,14.428125853051297,-0.003740660447705915,0.9369284541434706,HaM,1
trans_y,-0.05813158974555657,0.2184094920746042,-0.030217600761800245,0.52257883762932,0.027913988983756327,48.01862310309516,-0.15747863775458973,0.0008015037909063157,HaM,1
trans_z,-0.12141516450648662,0.009937835502570618,-0.11122498722143538,0.01826492302391432,0.010190177285051241,8.39283735806068,-0.10258519795159483,0.029566381720031037,HaM,1
rot_x,-0.11037446859233213,0.019178469538392178,-0.11351417327171039,0.015992213932408017,-0.003139704679378255,-2.8445932464461032,-0.05684288152863307,0.22880647116842592,HaM,1
rot_y,0.010282057636475736,0.8278074248346868,-0.019502265209931747,0.679904018375606,-0.009220207573456011,-89.67278631805371,-0.023416016869219108,0.620307142191785,HaM,1
rot_z,0.006904649602463944,0.8838707892796813,-0.04695376409497105,0.3203116563365527,-0.0400491144925071,-580.0310920660689,0.027419855571303237,0.5618105917238152,HaM,1
trans_x,0.003953545271967121,0.9333470965956531,-0.009436512735480894,0.8417728218349656,-0.005482967463513773,-138.68482808053633,0.056260294289519126,0.23362013468512569,HaM,2
trans_y,-0.02662505695196437,0.5732090234032275,0.01693408170962958,0.7201542251598143,0.009690975242334789,36.39795122248479,-0.028302164455133116,0.5492864659120094,HaM,2
trans_z,-0.24829870830200407,9.483301505431379e-08,-0.23573380834735053,4.231880584894938e-07,0.012564899954653541,5.060396826298,-0.2036657958804735,1.3361072987839129e-05,HaM,2
rot_x,-0.14520433527934926,0.002014653455842126,-0.1363736947919506,0.0037503698434043376,0.00883064048739865,6.081526746711763,-0.11134757867117041,0.018136428345341567,HaM,2
rot_y,0.011702279867379083,0.8044741862911373,-0.061699418277139026,0.1914006088178695,-0.049997138409759945,-427.2427166020054,0.09921978215530283,0.03536887189102618,HaM,2
rot_z,-0.0931170335808854,0.04836951949268101,-0.11064137796656878,0.018887586510254687,-0.017524344385683385,-18.81969787027311,-0.06156744806970241,0.19235388528407787,HaM,2
trans_x,0.038612322958924944,0.41386119907819063,0.052667690574546566,0.26488602528053967,-0.014055367615621622,-36.40124845783937,0.060742028355695594,0.19839525549036427,ElL,1
trans_y,-0.060919803313897125,0.19708254905301084,0.10533069050442147,0.02545640340515418,-0.04441088719052434,-72.90057546918123,-0.04374731068630792,0.3545068960992379,ElL,1
trans_z,-0.10046507543520469,0.033117843048388385,-0.1165917939537453,0.0133291347544595,-0.01612671851854061,-16.052064310588804,-0.10793027784499348,0.022028758944496983,ElL,1
rot_x,0.10256592089107117,0.029597140722904505,0.05575310146630276,0.23786873860711932,0.046812819424768407,45.641689771874,0.06405792950417863,0.1749439845516304,ElL,1
rot_y,-0.23007960627750706,8.077269353810892e-07,-0.21439952139912288,4.455436557376856e-06,0.015680084878384182,6.81506941535352,-0.27971292039302253,1.5599404457815425e-09,ElL,1
rot_z,0.22928951490073946,8.829304610404311e-07,0.20439898123771166,1.2417841087862737e-05,0.024890533663027792,10.855504523965271,0.22927250669550633,8.846210112562692e-07,ElL,1
trans_x,0.01328508660895163,0.7786737262489203,0.06678837945404226,0.15723434114636545,-0.05350329284509063,-402.7319837647091,-0.024021254425947783,0.611296389160325,ElL,2
trans_y,0.27361647107281123,3.6104007977910585e-09,0.34014277139632537,1.191088000798605e-13,-0.06652630032351414,-24.313704530532824,0.2918890463656611,2.7426726461816334e-10,ElL,2
trans_z,-0.07115104542179107,0.13179677779480028,0.0073101459159649685,0.877103263228838,0.0638408995058261,89.72587700907324,-0.014126357825635354,0.7650569821786978,ElL,2
rot_x,0.021630780375990758,0.6472143672444879,0.1466681278699484,0.0018113773264528217,-0.12503734749395765,-578.0528733616276,0.046200787822820534,0.3281420599733095,ElL,2
rot_y,-0.05043835938069556,0.28567258334255413,-0.056966904657478834,0.22779087352582827,-0.0065285452767832736,-12.943611483290958,-0.05866504690558144,0.2142062227698618,ElL,2
rot_z,0.07391022739019544,0.11742966222901347,0.07955409362872468,0.09187753816056843,-0.005643866238529235,-7.636109964502589,0.07778481210606802,0.0993581516092413,ElL,2
trans_x,-0.05385220446157134,0.2542747091677179,-0.14662530088638745,0.0018170475336184632,-0.09277309642481611,-172.27353522921894,-0.07419631701884949,0.11601296674851846,TaR,1
trans_y,0.11640248089937671,0.013480889394688587,0.1468119627448746,0.0017924522869573098,-0.030409481845497882,-26.124427598570804,0.066304393272724,0.16027058589030385,TaR,1
trans_z,-0.024740629578378526,0.6006622395802933,-0.06733166308746198,0.1538780854887568,-0.042591033509083456,-172.1501604239888,0.00030676694699726916,0.9948222361020453,TaR,1
rot_x,-0.044893688773194204,0.34202623363116147,-0.02656538436446331,0.5740691976097192,0.018328304408730893,40.82601565963239,-0.02267382390365714,0.6314347998834697,TaR,1
rot_y,-0.09758275569741512,0.03852488092064998,-0.109585481972158,0.02006125771519111,-0.012002726274742886,-12.300048496233261,-0.16999583537038046,0.0002917392622585584,TaR,1
rot_z,-0.07976624939689098,0.0910116464602668,-0.05494143605572074,0.2447804396360812,0.02482481334117024,31.12195136272488,-0.08548592009507867,0.07003193465019052,TaR,1
trans_x,0.2372828137720626,3.534916393213589e-07,0.2311553479749663,7.151582702878604e-07,0.0061274657970962765,2.5823470733883034,0.12396709777990675,0.008473732375621273,TaR,2
trans_y,0.18646448130281645,6.907145003844811e-05,0.25191340862741396,6.073426469105888e-08,-0.0654489273245975,-35.099943360424284,0.14329716854568833,0.0023107835863643545,TaR,2
trans_z,-0.0057401724330991225,0.9033506383385249,0.1299965617601354,0.005750104599417279,-0.12425638932703628,-2164.680430339445,0.066727506473283,0.15761381611353825,TaR,2
rot_x,0.032000694411171975,0.49832816980542005,0.20600931251647323,1.0563578531141684e-05,-0.17400861810530124,-543.7651316858672,-0.044165024683249475,0.34992641780593126,TaR,2
rot_y,-0.00950131291314149,0.8407007371315786,0.0073921455331952025,0.875735802814423,0.0021091673799462883,22.19869400395233,0.062387863643771094,0.18648380544018509,TaR,2
rot_z,0.04104347174036761,0.38506159720366623,-0.07237077782904601,0.12528650969436683,-0.0313273060886784,-76.32713501150283,0.042373410897502385,0.3698371016349049,TaR,2
trans_x,0.06922491083437883,0.1426055057908224,0.015330019318989077,0.7457007828947437,0.05389489151538975,77.85476480328552,0.03560636513431342,0.45117161683926743,OrS,1
trans_y,0.08475411877713104,0.07247246060824523,0.0758630526681926,0.10802386904152482,0.008891066108938445,10.490423636305325,0.0911889276819474,0.05322903836314316,OrS,1
trans_z,0.03505721470950298,0.45818702688543655,-0.06413946034284457,0.1743945366538986,-0.029082245633341587,-82.9565208597654,0.06219823307769423,0.1878287494944245,OrS,1
rot_x,-0.13381695609012145,0.0044608336740133685,-0.07316094129811482,0.12120423414720578,0.060656014792006635,45.3276001519245,0.0449729299074728,0.3411740090250007,OrS,1
rot_y,0.24785093965139615,1.0016684766313258e-07,0.16066318206094976,0.0006240277972786275,0.08718775759044639,35.17749729457411,0.23345386067750132,5.502881524554089e-07,OrS,1
rot_z,0.07037181911699775,0.13609070339559476,0.11327321810913091,0.016219158606305024,-0.04290139899213316,-60.96389084500826,0.21182122710070997,5.830592251385262e-06,OrS,1
trans_x,0.2411963442599965,2.2311127506594682e-07,0.2038083948171331,1.3172443887398138e-05,0.037387949442863416,15.501043167785845,0.2718793343835443,4.568447992779953e-09,OrS,2
trans_y,0.03991874234541534,0.3982303787581548,-0.055016662697112896,0.2441340058788678,-0.015097920351697554,-37.821633309626414,0.03442828524256088,0.46629599791984666,OrS,2
trans_z,0.12373807991884503,0.008596789095462267,0.03832520901927857,0.417344291393706,0.08541287089956645,69.02715070056479,0.1462733149299503,0.0018642692821121676,OrS,2
rot_x,-0.11708497471709253,0.012940842814216145,-0.14575194211865733,0.0019362828797787582,-0.028666967401564797,-24.483899382334563,-0.07292184158934119,0.1224284177220555,OrS,2
rot_y,0.15205234097559583,0.0012148195749418279,0.020350164986881032,0.6668057144995967,0.1317021759887148,86.61634220406565,0.1592354859365561,0.0006985311769629978,OrS,2
rot_z,-0.05972107861060567,0.20605756291701885,0.035002160518497416,0.4588936931769179,0.02471891809210825,41.39060892265684,-0.020296725745147716,0.6676283103696175,OrS,2
trans_x,0.036845571120073195,0.4355654453763395,-0.08496408283869503,0.0717652434867102,-0.04811851171862183,-130.59510344353768,-0.04765238346856035,0.3131563203544909,ShR,1
trans_y,0.07456250056034441,0.11421922649051744,0.04692712795529544,0.32058655831913396,0.027635372605048975,37.06336616578907,-0.02125396504015658,0.6529545532253078,ShR,1
trans_z,-0.2081137529900206,8.534763672301308e-06,-0.206182387703381,1.0380767294043095e-05,0.0019313652866396191,0.9280334715467994,-0.13225092469592445,0.004953912801490235,ShR,1
rot_x,0.1340166229434288,0.004401261338115092,0.23806867109688054,3.224952210394333e-07,-0.10405204815345173,-77.64115067828135,0.1803241168269144,0.00011997023571229711,ShR,1
rot_y,0.18634816304882604,6.980924075146969e-05,0.07743381491504941,0.10089823690494373,0.10891434813377662,58.446698025802064,0.23890600282799754,2.9235065763611073e-07,ShR,1
rot_z,0.0019287553143556065,0.9674542884160563,-0.014870931565161437,0.7530653080508386,-0.01294217625080583,-671.0118258380425,0.004838805788341343,0.9184696017020463,ShR,1
trans_x,-0.027467058439191106,0.5611370919827738,0.10610333257628116,0.02439259628436495,-0.07863627413709005,-286.2930310181619,-0.06485687995167055,0.16961500295185472,ShR,2
trans_y,0.1250293614248021,0.007923243075716806,0.2698970946487427,5.96381734864067e-09,-0.1448677332239406,-115.86697042443917,0.225390479294548,1.3636370335656022e-06,ShR,2
trans_z,-0.0848049598700691,0.07230069408462374,-0.09670587385792592,0.04031138913000555,-0.011900913987856823,-14.033275891045033,0.0007139459124901029,0.9879500408792932,ShR,2
rot_x,-0.021434093745948197,0.6502079955447926,-0.018742002466396082,0.6917310867903445,0.0026920912795521147,12.559855860763953,-0.033218995320141505,0.48210849435219205,ShR,2
rot_y,-0.06282523583098745,0.18340883495191185,-0.24825073672558473,9.539107635273101e-08,-0.18542550089459728,-295.1449341048703,-0.07439661430426818,0.11502910154146492,ShR,2
rot_z,0.08020785842718434,0.08923024230051625,0.15958320759663533,0.0006796625213921667,-0.07937534916945099,-98.96206023442312,0.06723595342857662,0.154465381412241,ShR,2
trans_x,0.03372175912536425,0.4754993732003534,0.05678632620955816,0.22927065502948793,-0.02306456708419391,-68.39669009688645,0.03390100691855269,0.4731550910306327,NH,1
trans_y,0.012871418551684848,0.7853945285150489,-0.029932016308835747,0.5265182649956147,-0.0170605977571509,-132.5463676644848,0.05975568603630965,0.20579437250935748,NH,1
trans_z,-0.11718542491191933,0.01286299003604889,-0.15198111053777857,0.0012213610623347281,-0.034795685625859246,-29.69284418434537,-0.08955257392217576,0.05766595984777989,NH,1
rot_x,0.05658942434438746,0.23089195768026474,0.08581733246826966,0.06894901928757735,-0.029227908123882193,-51.649064224455245,0.08346016523538388,0.07695731791633126,NH,1
rot_y,-0.004255567460692035,0.9282685061280335,0.10377447930817045,0.027720986518514856,-0.09951891184747841,-2338.5579659285854,0.04388426609514122,0.3530009592361746,NH,1
rot_z,-0.13759959564762111,0.0034475133634768915,-0.15607893256761118,0.0008934044648194556,-0.01847933691999007,-13.429790133478162,-0.09386298203941748,0.046591845340753696,NH,1
trans_x,0.28057434053929886,1.383212217413691e-09,0.15974963044689605,0.0006707998926243803,0.12082471009240281,43.06334993433921,0.21787333929221053,3.0847393917177505e-06,NH,2
trans_y,-0.25358699954646713,4.929633770652021e-08,-0.01492030939021371,0.7522721170868971,0.2386666901562534,94.11629562363281,-0.11687122734762478,0.013107889186587132,NH,2
trans_z,-0.007128607960029867,0.88013196229628,-0.28841599642971866,4.541670295208359e-10,-0.2812873884696888,-3945.89504776905,0.019972905215992837,0.6726213998517776,NH,2
rot_x,-0.18861003100235257,5.671295518676844e-05,0.12476999764097906,0.00805462154365383,0.06384003336137352,33.84763420169165,-0.17673153941500946,0.0001643513393523695,NH,2
rot_y,0.3142904575493194,8.965908753919548e-12,0.15734310406511773,0.0008100043149204528,0.15694735348420166,49.937040630504356,0.2858548437276234,6.559054424168687e-10,NH,2
rot_z,0.3556442153216787,7.301654038439986e-15,0.1449942892538138,0.002045476194176508,0.21064992606786492,59.23052224463512,0.34042933545350845,1.1327492945863535e-13,NH,2
trans_x,0.17769151902768043,0.00015118319283940454,0.21522400302899852,4.085357970279402e-06,-0.03753248400131809,-21.122270892102257,0.21897991265800493,2.740345956045526e-06,NiC,1
trans_y,-0.0032537234116473066,0.945124853928376,0.016513683620391767,0.7268208383423341,-0.01325996020874446,-407.53188059187744,-0.1838944389848839,8.721692991448421e-05,NiC,1
trans_z,-0.15085959911094798,0.0013287230706065867,-0.18029120828204645,0.00012031996035544013,-0.029431609171098466,-19.50927176298097,-0.1328248205340932,0.004767783452484325,NiC,1
rot_x,-0.2472557696979869,1.0770616391834524e-07,-0.2064318606368873,1.0122551051957033e-05,0.04082390906109962,16.510801390383893,-0.20524591890988764,1.1407107649809142e-05,NiC,1
rot_y,-0.07308061659139307,0.12161442529167242,-0.12527958484817164,0.007798310917610101,-0.05219896825677857,-71.42655698792531,-0.016023190237976485,0.7346251186759742,NiC,1
rot_z,0.017049505439722945,0.7183275314634754,0.046039242670989466,0.32983800135927444,-0.02898973723126652,-170.03271639612794,0.0401089058876011,0.39598506919743126,NiC,1
trans_x,0.274300623352156,3.2892864067499162e-09,0.22971090777458592,8.420220986171255e-07,0.04458971557757008,16.255783538750606,0.3149711685819025,8.04349208531042e-12,NiC,2
trans_y,-0.22297085006463185,1.7789423934636165e-06,0.011303264508530014,0.811013166036983,0.21166758555610185,94.93060886422886,-0.1515854728500717,0.0012582886371175328,NiC,2
trans_z,0.03904475449270996,0.4086476858275183,0.031004915214719764,0.5117971076752025,0.008039839277990193,20.59134288958408,0.011742675272470483,0.8038129460253334,NiC,2
rot_x,0.13059777082321222,0.005527236526513219,-0.024620892558016163,0.6024264619228442,0.10597687826519606,81.14753995966362,0.04980561220878458,0.2917673792556722,NiC,2
rot_y,-0.014417746838022301,0.7603571731564167,-0.08031342252060074,0.08880858019656246,-0.06589567568257844,-457.04558710102464,0.056193791903499116,0.23417413107652385,NiC,2
rot_z,0.18818184993207804,5.89990028209951e-05,0.11660698286940567,0.01331702468563048,0.07157486706267237,38.034947094263586,0.14067447246653073,0.0027830094704214066,NiC,2
trans_x,-0.22163743561005028,2.0570402179628677e-06,-0.19323221977496643,3.681186239460224e-05,0.028405215835083847,12.816073131733976,-0.1965268635071449,2.6882964485744418e-05,ToL,1
trans_y,0.03895657633013766,0.4097076111366359,0.0351644545467152,0.4568122627322023,0.0037921217834224613,9.73422754424339,0.06348363860233056,0.17885073922594177,ToL,1
trans_z,0.19358689506226506,3.559601000384777e-05,0.17005341678689928,0.0002903375912901184,0.023533478275365782,12.15654513586599,0.15603007093039145,0.0008967818398763442,ToL,1
rot_x,0.06355793609957401,0.17834170062189086,0.19708285945069656,2.548093579212453e-05,-0.13352492335112254,-210.08379369325914,0.17756275339631308,0.00015289011989312452,ToL,1
rot_y,-0.12158527542397786,0.009833671479318256,-0.09067370083905862,0.05459433395876507,0.030911574584919235,25.423781356030187,-0.14760731328714383,0.0016910349744167692,ToL,1
rot_z,0.027918624169520123,0.5547138206411527,0.042147216562270114,0.37239981576940606,-0.01422859239274999,-50.96451854631115,0.006448426905811882,0.8914949977659983,ToL,1
trans_x,0.01904928591757066,0.6869415880790373,-0.04302245055681514,0.3625445100739292,-0.02397316463924448,-125.8481013040606,0.06877222438958547,0.14524160912459752,ToL,2
trans_y,-0.013078138163854953,0.7820339588865705,-0.020262905242210527,0.6681491187312982,-0.007184767078355574,-54.93723180117994,-0.036831852667585194,0.4357364947570167,ToL,2
trans_z,0.2026209054186544,1.4823699376563581e-05,0.16832401462139918,0.0003352984214595886,0.03429689079725523,16.92662991826591,0.15276618649968643,0.0011510215390132623,ToL,2
rot_x,-0.1574036656359621,0.0008061957080044951,-0.07893834751301884,0.09442804423460274,0.07846531812294325,49.849740033637595,-0.14700352429723934,0.0017675288549888178,ToL,2
rot_y,0.2160090527411927,3.760402895973062e-06,0.24296853429688775,1.8066815844985063e-07,-0.026959481555695053,-12.480718383592961,0.1791112713313811,0.00013351127922440773,ToL,2
rot_z,0.1462549392026869,0.0018667651230062114,0.11938547796225642,0.011258371364195014,0.02686946124043048,18.371660736321203,0.2139417972434432,4.674492379050107e-06,ToL,2
trans_x,0.12231966861093493,0.009395025088263101,0.02580119474452441,0.5851384034374272,0.09651847386641052,78.90674898197207,0.11738033274238392,0.012713106348066366,ShL,2
trans_y,-0.26391892295306957,1.3151783750993694e-08,-0.1856172006371895,7.461843750703185e-05,0.07830172231588006,29.66885490427823,-0.2846280393154205,7.811473211093216e-10,ShL,2
trans_z,0.09405117559416923,0.04615212002756078,-0.030687032188386778,0.5161363276805071,0.06336414340578245,67.37198446003343,0.13428800471442656,0.004321444447111649,ShL,2
rot_x,-0.17396883617552916,0.00020850011005322565,-0.07930487616424269,0.09290310596985378,0.09466396001128648,54.414320456667,0.02127503510305401,0.6526330390219641,ShL,2
rot_y,0.22346065513147081,1.6861354762967542e-06,0.06253513939193503,0.18544416347836742,0.16092551573953578,72.01514541557971,0.2263352082397115,1.2281955648545967e-06,ShL,2
rot_z,0.12465015790292343,0.008115979243274158,-0.03335909540204667,0.480261809654941,0.09129106250087676,73.23782339046336,0.08668256797975958,0.06618629802321152,ShL,2
trans_x,-0.13698297767755993,0.0035969583345351387,-0.06821980482552142,0.14850868045710486,0.0687631728520385,50.19833414185086,-0.23790952054084225,3.285534496424392e-07,DaH,1
trans_y,0.07630700649831484,0.10597080045829628,0.07209236568165306,0.126750067718084,0.0042146408166617855,5.523268452097988,0.13252588901673593,0.004863932579791004,DaH,1
trans_z,-0.10018310612842321,0.033616541301462584,-0.05624217689669157,0.23377096930198524,0.04394092923173164,43.86061775266223,-0.15625012139977648,0.0008816641715933358,DaH,1
rot_x,0.017871040642172358,0.7053727947321332,0.03581187106781142,0.44856193426308455,-0.01794083042563906,-100.39051885597536,0.06791375101440832,0.15034263703802977,DaH,1
rot_y,-0.1082850774667079,0.021593474585513257,-0.10371974673052939,0.02780368847284758,0.004565330736178513,4.216029431739676,-0.028578577342768776,0.545391288716123,DaH,1
rot_z,0.15526615663794457,0.0009511415835093706,0.17370056676961215,0.00021333285422859007,-0.018434410131667578,-11.872780605147343,0.12387004380268545,0.008525688798865833,DaH,1
trans_x,0.04507594295859059,0.34006814913447253,-0.16842554176408606,0.0003324890381428638,-0.12334959880549547,-273.6484046907497,0.05016301315068223,0.28831417329242187,DaH,2
trans_y,0.14910157794443812,0.0015145941135732766,-0.033996279458179776,0.47191165883109115,0.11510529848625835,77.19924904426678,0.1794225815106906,0.0001299048697134919,DaH,2
trans_z,0.2562053388755273,3.546032704635912e-08,0.28792697560195646,4.87324967988308e-10,-0.03172163672642914,-12.38133321719752,0.24559983012261793,1.3167509815755674e-07,DaH,2
rot_x,-0.22028973422936354,2.38015064268099e-06,-0.23219757964995524,6.35245006430211e-07,-0.0119078454205917,-5.405538057526261,-0.25893099060571495,2.5067884863921152e-08,DaH,2
rot_y,0.03721100281705239,0.431023267548357,-0.029952536366207896,0.5262347026639227,0.007258466450844495,19.506237137791448,0.0008327283920743642,0.9859454254435518,DaH,2
rot_z,0.19822046223803386,2.2825361251490452e-05,0.18849063347418277,5.734186385486277e-05,0.00972982876385109,4.908589483646237,0.21819808163661716,2.9796007176722813e-06,DaH,2
trans_x,-0.07654133974038829,0.10489962841442593,-0.11287417951130024,0.016601201544769333,-0.03633283977091195,-47.46825688463921,-0.06041873457811315,0.20079879644932555,NoaG,2
trans_y,0.19099699767932715,4.5426544087773054e-05,-0.017882524404088287,0.7051922996249053,0.17311447327523888,90.63727460569197,0.15791742181442875,0.000774546409518249,NoaG,2
trans_z,-0.14728614721028557,0.0017313371658495634,-0.11817984849206073,0.01211428095302658,0.029106298718224843,19.76173541743119,-0.11957306785054084,0.011130121900603964,NoaG,2
rot_x,-0.23652690427246534,3.8599827290954315e-07,-0.18897036519244725,5.4854195309764164e-05,0.047556539080018084,20.106185901471783,-0.2186065774810411,2.85220604613486e-06,NoaG,2
rot_y,0.02530955698065574,0.5923115696709107,0.06409540003703279,0.17469130561598034,-0.03878584305637705,-153.2458394511659,0.12783161069108162,0.006621097876836316,NoaG,2
rot_z,-0.1619304287322045,0.0005641407022226425,-0.1253208674377583,0.007777869148384092,0.0366095612944462,22.608203770639026,-0.16216791194030591,0.0005535293011611189,NoaG,2
trans_x,-0.1996044728784801,1.9947992062269686e-05,-0.16586717010407723,0.00041041875953838944,0.03373730277440287,16.902077537582166,-0.1902836721827433,4.855500406804808e-05,MaE,1
trans_y,-0.08067858288250931,0.08736232244153938,-0.07598576138759386,0.10745328829084817,0.004692821494915456,5.816688056791382,-0.002522679124341355,0.9574408127774505,MaE,1
trans_z,-0.03307271430916223,0.4840407501602319,0.0866075711891149,0.06642210978827573,-0.05353485687995267,-161.8701639651081,0.006500180247803694,0.8906296005681111,MaE,1
rot_x,-0.058298577632003246,0.21708744165980068,0.0511555745966783,0.27886857658125114,0.007143003035324946,12.252448216513201,-0.11038441342097163,0.01916756187472623,MaE,1
rot_y,-0.18035091038077714,0.0001196862018187715,-0.10585251576761273,0.02473364293791849,0.0744983946131644,41.30746801104303,-0.043658026294780064,0.3554908251205082,MaE,1
rot_z,0.14845364242760728,0.001588916059099952,0.057441238205472527,0.22393620935127645,0.09101240422213475,61.30695261755974,0.13875749180654393,0.0031820118752612244,MaE,1
trans_x,0.05288591497307285,0.26290857712703414,0.09724388898537437,0.03920715437069635,-0.044357974012301515,-83.87483517092711,0.02519130135622069,0.5940429409423107,MaE,2
trans_y,-0.1371805699448173,0.003548442000553928,-0.18650833233440656,6.879522225946029e-05,-0.04932776238958925,-35.958271939992656,-0.09531418262147798,0.0432902783568522,MaE,2
trans_z,0.012675808420484052,0.788578171178096,-0.054854105148719585,0.24553238772915087,-0.04217829672823553,-332.74640424570936,0.00549079254712369,0.9075303241404663,MaE,2
rot_x,0.04913069930276206,0.29836365114367636,0.062394696854830824,0.18643547400578755,-0.013263997552068765,-26.99737178648927,0.03546269364293157,0.4530011494263002,MaE,2
rot_y,-0.0680245028868228,0.14967700512109272,-0.14952418334312856,0.00146785306853543,-0.08149968045630576,-119.80929958709523,-0.010980202371369737,0.8163171076990611,MaE,2
rot_z,-0.04421453525438376,0.34938599736568304,-0.10430566050661509,0.0269292846901344,-0.06009112525223133,-135.9080784328123,-0.05073519704624057,0.2828431279987851,MaE,2
trans_x,-0.34909303292897,2.4212757518142618e-14,-0.34959557567360755,2.210725261874483e-14,-0.0005025427446375685,-0.1439566812379842,-0.3007168759681118,7.377451488282825e-11,AmK,1
trans_y,-0.19249509146815746,3.94656290596952e-05,-0.0832576795279648,0.07767911715049791,0.10923741194019267,56.74815451502705,-0.21350893913879412,4.891078657262665e-06,AmK,1
trans_z,-0.07886051073956699,0.09475444331233897,0.015412931778392617,0.7443731733236881,0.06344757896117437,80.45545021982792,-0.14696388624141357,0.001772659825296163,AmK,1
rot_x,0.08563343747907376,0.06954820440932642,0.10792101098458046,0.022040229162931278,-0.022287573505506697,-26.026718255883527,0.07563171505373689,0.10910605968870962,AmK,1
rot_y,0.077110245755355,0.10233471073086435,0.13493896851418338,0.004135292783771748,-0.05782872275882839,-74.99486247560353,-0.00464838509490582,0.9216675490417117,AmK,1
rot_z,0.029458896333050856,0.5330777085812449,-0.024448234822278557,0.6049745126885867,0.005010661510772299,17.008992645629704,0.0994358819878946,0.03496916020017262,AmK,1
trans_x,-0.13685161127558212,0.003629545690787401,-0.04922108705613728,0.29747453395270507,0.08763052421944484,64.0332425775979,-0.14864224843908697,0.0015669437941719176,AmK,2
trans_y,-0.18615709423654042,7.103731456385832e-05,0.00441724333787802,0.9255510624414266,0.1817398508986624,97.6271420887859,-0.13304579281873,0.004697815020366451,AmK,2
trans_z,-0.0852348978335499,0.07086139542449253,-0.15161043076773803,0.0012559291199027093,-0.06637553293418813,-77.87365811572734,0.03033002632111764,0.521032160165663,AmK,2
rot_x,0.3589366584350743,3.955285988568574e-15,0.3727219261342389,2.8083028412393103e-16,-0.013785267699164605,-3.840585065695688,0.408021175413212,1.7608049819837897e-19,AmK,2
rot_y,0.006634454718020089,0.8883849283851041,0.14940047728431524,0.001481396194381913,-0.14276602256629514,-2151.8878134554607,0.04514228053801089,0.33935721915680317,AmK,2
rot_z,0.24994853572467143,7.7446554852627e-08,0.22601045138435197,1.273230387144993e-06,0.023938084340319465,9.577205271843738,0.23072423402913927,7.509622934771128e-07,AmK,2
trans_x,-0.11839097732086001,0.011960366603244227,-0.10451756698226954,0.026618919789419566,0.013873410338590478,11.71830037435297,-0.15637338126772646,0.0008732993406863844,MoM,1
trans_y,-0.007161664653504305,0.8795803275275785,-0.094444131035553,0.04524517858786223,-0.0872824663820487,-1218.7455096677857,-0.010661781045832328,0.821553077768801,MoM,1
trans_z,0.0017207427107262304,0.9709626435061515,0.04384468245696906,0.3534357988340747,-0.04212393974624283,-2448.00919298764,-0.03842790993206551,0.41609641246639895,MoM,1
rot_x,-0.1048941133012631,0.026075012107319193,-0.06105436613229287,0.19609314718405954,0.043839747168970225,41.794287390617875,-0.1343001200005926,0.004317911878107944,MoM,1
rot_y,0.029988428456356957,0.5257389045120225,0.06337189032264445,0.17961839361573095,-0.033383461866287496,-111.32114480380802,-0.039676837910310674,0.401097626737952,MoM,1
rot_z,-0.1404314209678227,0.0028309441391904033,-0.11051785873055434,0.01902171869157017,0.029913562237268376,21.301188887152627,-0.15887676811572735,0.0007185040447572971,MoM,1
trans_x,-0.10791328248284163,0.02204979921064439,-0.15239753407817838,0.0011835730532262735,-0.044484251595336755,-41.222220816431765,-0.04516993499556377,0.3390611312449593,MoM,2
trans_y,0.18584123168321903,7.311225901953435e-05,0.08295979815495665,0.07875095179999365,0.10288143352826239,55.35985346009322,0.10199115386578042,0.0305269385286785,MoM,2
trans_z,-0.18005831866757957,0.00012282243329249154,-0.12634928075750526,0.007283836623326484,0.05370903791007431,29.828690119688925,-0.15886359932641644,0.0007192472278534682,MoM,2
rot_x,-0.30624822917380173,3.1665903079245285e-11,-0.16476439725488418,0.00044899488901632684,0.14148383191891756,46.19906939563813,-0.3052178364666822,3.7119737045178214e-11,MoM,2
rot_y,0.129739952277081,0.005847664606824327,0.14779198812064076,0.001668251960140492,-0.01805203584355977,-13.914014555059094,0.11626072227517174,0.013595518309583051,MoM,2
rot_z,0.055789374495721446,0.23756309656457614,0.13655117617139387,0.0037050810542198363,-0.08076180167567243,-144.76197735801134,0.010630966078844836,0.8220602092475389,MoM,2
trans_x,-0.05900760921292278,0.21153791270185213,-0.008619518550876754,0.8553140043636934,0.050388090662046026,85.39253044505816,0.04245097506654354,0.36896084370278814,TiP,1
trans_y,-0.0974159551527031,0.03885944947299867,-0.08302484745960512,0.07851587411615624,0.014391107693097982,14.772844623387812,-0.10844478244337011,0.021399989411330433,TiP,1
trans_z,0.05242854893647518,0.2670647189732674,0.01412688937967448,0.7650484008379932,0.038301659556800705,73.05496782527538,-0.06686696395208537,0.1567454757334612,TiP,1
rot_x,0.10691059791824052,0.023322354463880025,0.08276137382646484,0.0794715529071156,0.02414922409177568,22.58824154200663,0.11432201311282197,0.015251522909154129,TiP,1
rot_y,-0.06672351232311254,0.15763873932983066,-0.04225688043838656,0.37115598998056476,0.024466631884725976,36.668680998453546,0.014713159077328779,0.7556014571064628,TiP,1
rot_z,0.023093093249051053,0.625138275150199,-0.0273816376962263,0.5623561769684039,-0.0042885444471752465,-18.57067999044031,-0.06331218096550272,0.18002956605731418,TiP,1
trans_x,0.17717094204094774,0.00015819587546661107,0.25063230277517834,7.11812197702753e-08,-0.0734613607342306,-41.46354920732555,0.18350609138810564,9.032118844599704e-05,TiP,2
trans_y,0.10772979511166161,0.022278068381262905,-0.04739105536363953,0.3158204973598482,0.060338739748022084,56.009333059142236,0.08345832160488036,0.07696386522912722,TiP,2
trans_z,0.1313560759957781,0.005257226824736581,0.23090114133016448,7.360666962831172e-07,-0.0995450653343864,-75.78261194220347,0.11608676256837484,0.013737357774795178,TiP,2
rot_x,-0.16337613161720016,0.0005023541570911394,-0.12149364432400428,0.009889658846123944,0.04188248729319588,25.635621849175003,-0.090783460659065,0.0543010674624755,TiP,2
rot_y,-0.04622080596507459,0.32793229779403416,-0.028991969399948907,0.5395914287537132,0.017228836565125687,37.275067375813734,-0.034470952119928164,0.4657433827510469,TiP,2
rot_z,-0.0006026430719242953,0.9898284963130669,-0.025177989881465843,0.5942379775702218,-0.024575346809541546,-4077.927375995576,-0.008180122700194406,0.8626145889648105,TiP,2
trans_x,-0.175873687460266,0.0001770213061882547,-0.07492317553057487,0.11247381159569343,0.10095051192969112,57.39944012517405,-0.21580610274618642,3.841959143876302e-06,IdS,1
trans_y,0.10240869258133743,0.02984904424047488,0.13966179844573584,0.002987727500442275,-0.03725310586439841,-36.376898215754856,0.0341884815892095,0.4694086396003354,IdS,1
trans_z,-0.07423835774958532,0.11580591697057548,0.15742902240492196,0.0008046059913416812,-0.08319066465533664,-112.05886980413617,-0.13658187612449119,0.003697297658626683,IdS,1
rot_x,0.14164383541257736,0.002599092397550339,0.13642943042554845,0.0037360937863554263,0.005214404987028909,3.681349754361348,0.16829521791877164,0.0003360992828674109,IdS,1
rot_y,0.20675018316942664,9.801942013431512e-06,0.18373678605393642,8.846481620035741e-05,0.02301339711549022,11.131016554713915,0.19430120642571078,3.326170433102925e-05,IdS,1
rot_z,-0.24553908501466246,1.3264560206415078e-07,-0.2709545854614651,5.174723534015422e-09,-0.025415500446802658,-10.35089808422352,-0.2881276450747905,4.734431428728592e-10,IdS,1
trans_x,0.09451625700434949,0.045080348895688495,0.0819333261884817,0.08253657902239306,0.012582930815867782,13.312980448737763,-0.014399083452263964,0.7606579325832277,IdS,2
trans_y,-0.033911478948574464,0.47301832940972593,0.1462746546995654,0.0018640874305366525,-0.11236317575099095,-331.34259912811723,-0.14533622388258707,0.0019955174745978337,IdS,2
trans_z,0.04847441617133447,0.30487231672533305,-0.03671255749533316,0.4372255608657432,0.011761858676001304,24.264054330079226,-0.005142873133529878,0.9133658045753943,IdS,2
rot_x,0.3611688773126918,2.5995934390114944e-15,0.3947240671325214,3.145031855085244e-18,-0.03355518981982958,-9.290720194248149,0.2846463439325626,7.79118121714115e-10,IdS,2
rot_y,-0.002905006198581237,0.950998269949566,0.08223111859444407,0.08142348103804803,-0.07932611239586283,-2730.6692989021694,0.20504377799396542,1.1640976441290193e-05,IdS,2
rot_z,0.11064755874341536,0.018880896384651687,0.12394465783360731,0.008485720126887503,-0.013297099090191944,-12.017525954663915,0.12266312426234205,0.009195918751254308,IdS,2
trans_x,0.11462852252253297,0.01497847027001743,0.14023714432488055,0.0028697984026383686,-0.025608621802347575,-22.34053204106647,0.16736708164813988,0.00036288727514155694,DoP,1
trans_y,-0.1464745717580183,0.0018371333062468585,-0.21411333406681615,4.591220856791918e-06,-0.06763876230879784,-46.177818782457145,-0.10071430805419616,0.03268231147136603,DoP,1
trans_z,-0.12252729025033068,0.009274210612836767,-0.2324992430594438,6.137638823729489e-07,-0.10997195280911312,-89.75302774135766,0.027900516381150858,0.5549707027197075,DoP,1
rot_x,-0.10616653046012081,0.02430730675632323,-0.10361426312779218,0.02796367438837454,0.002552267332328634,2.404022549542898,-0.11066240656332461,0.01886483341768008,DoP,1
rot_y,0.02462139688304735,0.6024190262494181,-0.018975007404548876,0.6880981977702443,0.005646389478498475,22.932855943629264,-0.003433037529403438,0.9421058174925278,DoP,1
rot_z,-0.10735594917206892,0.022749499086058198,-0.12984608752668678,0.005807134264327245,-0.022490138354617856,-20.949130931319804,-0.014101995565410202,0.7654503142378208,DoP,1
trans_x,-0.13311207621816712,0.004677008490416457,-0.014485964732778567,0.7592581530119271,0.11862611148538856,89.1174676675943,-0.07622233525433048,0.10635996487316178,AlS,1
trans_y,0.34115876784949994,9.965884730128812e-14,0.23516194255367442,4.521169125055705e-07,0.10599682529582552,31.069647121772157,0.4140464232745183,4.567559383556232e-20,AlS,1
trans_z,-0.02397529267429973,0.6119786351261007,-0.008451302161796272,0.8581075056746263,0.015523990512503458,64.74995205853888,0.0401797539740937,0.3951504999045715,AlS,1
rot_x,-0.2527543635363343,5.4699040445741955e-08,-0.25363641694021377,4.899243856467722e-08,-0.0008820534038794792,-0.34897652864959583,-0.25809174366293175,2.7904888009747415e-08,AlS,1
rot_y,-0.25456380889446584,4.3613917392317225e-08,-0.1852279209174409,7.730538057388215e-05,0.06933588797702495,27.23713487716136,-0.3145443681203365,8.610357332038564e-12,AlS,1
rot_z,-0.42460190037112283,4.018546824601712e-21,-0.28431944090602584,8.161412104140843e-10,0.140282459465097,33.0385849291968,-0.46790400611031835,7.320769163220753e-26,AlS,1
trans_x,-0.07014336770298452,0.1373697744851244,-0.25602321852749416,3.6286540882325804e-08,-0.18587985082450964,-264.99989508858533,0.0726977087952698,0.12358469495389506,AlS,2
trans_y,0.2965162100164833,1.3857817952713645e-10,0.18884716702338278,5.5483136090508644e-05,0.10766904299310054,36.311351405413966,0.42655927518983644,2.5362645949339843e-21,AlS,2
trans_z,0.24266819784123167,1.8726734106949902e-07,0.11816448369150696,0.012125549988211885,0.1245037141497247,51.3061518803476,0.18119641743086798,0.00011104104090716746,AlS,2
rot_x,0.033011003380106,0.48485715615257247,0.06662365713090267,0.15826279633322024,-0.03361265375079667,-101.82257522972856,0.08718732767404613,0.06461701163367152,AlS,2
rot_y,0.261793294876717,1.7341109199685107e-08,0.2467038341838886,1.1518485925139051e-07,0.015089460692828377,5.7638835631501815,0.22068197867643793,2.281414268685152e-06,AlS,2
rot_z,-0.6203522153824486,3.278820335978432e-49,-0.5252413301172049,2.8246947737438585e-33,0.0951108852652437,15.33175555867204,-0.5990494767875398,3.583357724379117e-45,AlS,2
trans_x,-0.13111322873831593,0.005342376026810942,-0.08005205260282344,0.08985552349170928,0.05106117613549249,38.94433584379469,-0.09496139075583913,0.044074212744691345,AnF,1
trans_y,-0.25515554870163604,4.04851890628271e-08,-0.2852241312726774,7.17635516250206e-10,-0.030068582571041336,-11.78441257658158,-0.23884160744826727,2.945691920417032e-07,AnF,1
trans_z,0.01159565012867261,0.8062202979471489,0.08740956711652942,0.06393584388322311,-0.0758139169878568,-653.8134226764175,0.05676795111745408,0.22942161422973073,AnF,1
rot_x,0.11769342367762471,0.012475564013875657,0.041611180583875224,0.37851659857289577,0.07608224309374949,64.64443017831408,0.15579619323222998,0.0009131116902654922,AnF,1
rot_y,-0.32807710116453975,9.41868682114961e-13,-0.3138101637996914,9.678091151200405e-12,0.014266937364848353,4.348653811621277,-0.2704160185153179,5.5630307231979666e-09,AnF,1
rot_z,-0.021218974572233935,0.6534886248500706,-0.10496843342443529,0.025968798279187428,-0.08374945885220136,-394.6913578085513,0.008329061707300614,0.8601386169145688,AnF,1
trans_x,-0.026203640823452418,0.5792966912768812,-0.03451682766401963,0.46514961416395584,-0.008313186840567213,-31.725312129629177,0.009095880308873953,0.8474131695001716,AnF,2
trans_y,0.225404604103947,1.3615104638227686e-06,0.24065670815838253,2.3784007778710823e-07,-0.015252104054435528,-6.766545038007258,0.26629787472201516,9.623212718324341e-09,AnF,2
trans_z,-0.0704372651080207,0.13572597329221356,-0.007922133300880489,0.8669065930130074,0.06251513180714022,88.75292320232576,-0.040925502512769614,0.3864302424200602,AnF,2
rot_x,0.050218072542544956,0.28778464121763625,-0.07066028252222625,0.13448874725103752,-0.020442209979681297,-40.7068789077131,0.1806824395840638,0.00011622360163659677,AnF,2
rot_y,-0.08946342844125314,0.057916223958960095,-0.12012902825303447,0.0107575930918851,-0.030665599811781324,-34.277246407919776,0.005927206224886708,0.9002176372339312,AnF,2
rot_z,-0.0014534277797836558,0.9754720087566249,0.013236088597747997,0.7794689395793027,-0.01178266081796434,-810.6808595414491,-0.011601242475271483,0.8061286966574127,AnF,2
trans_x,-0.09086043774153005,0.054096175433093516,-0.25135917407446495,6.505810991469216e-08,-0.1604987363329349,-176.64314670099253,-0.14156955507599217,0.002612783605113447,RoK,1
trans_y,-0.07749847367562507,0.10061311532067777,-0.07369115424982518,0.11852361806770756,0.003807319425799885,4.912766981367491,-0.053600330536611715,0.25650603959425045,RoK,1
trans_z,0.2533954560963616,5.0491561374015374e-08,0.3397915605431432,1.2666113619290058e-13,-0.08639610444678159,-34.09536452537126,0.2246921383973913,1.4728386795865819e-06,RoK,1
rot_x,0.19574876184974366,2.8968257705889202e-05,0.30966452933284205,1.8613860867218157e-11,-0.1139157674830984,-58.19488532476129,0.20776063091669592,8.847060748924607e-06,RoK,1
rot_y,-0.0665592504642363,0.15866630152641573,-0.08039660712042926,0.08847743865153324,-0.013837356656192956,-20.789531972911956,-0.060052510547377196,0.20354700611973273,RoK,1
rot_z,0.07932457353420891,0.09282171640153848,0.18324532651192077,9.246366774255821e-05,-0.10392075297771186,-131.0070112547101,0.05572300768563467,0.2381225233410366,RoK,1
trans_x,0.19485910469264547,3.1540135512988695e-05,0.19330392074764177,3.656294066790726e-05,0.001555183945003702,0.798106892391156,0.24329292161113558,1.7379230747377872e-07,RoK,2
trans_y,-0.2592763100693147,2.3983426464489635e-08,-0.23058480962204814,7.62905330492664e-07,0.028691500447266538,11.065993819333583,-0.19447358587779034,3.27204981146296e-05,RoK,2
trans_z,0.17935636420682027,0.0001306642241211961,0.10112093478114059,0.03198223036324245,0.07823542942567968,43.620102231479486,0.21311980141465722,5.093936774526274e-06,RoK,2
rot_x,-0.047076745399395034,0.31904440294487263,-0.02333896165900249,0.6214584628370408,0.023737783740392544,50.423587142660864,-0.026724938559367376,0.5717706052243594,RoK,2
rot_y,-0.08887022885014478,0.05960455836825724,-0.20884210816628734,7.923460745568497e-06,-0.11997187931614256,-134.996703472478,-0.04413486815572753,0.35025584286012024,RoK,2
rot_z,0.07700308176494326,0.1028140206767396,0.02089215872073626,0.6584854421730268,0.056110923044207006,72.86841222210965,0.08299938929739573,0.07860780792836342,RoK,2
trans_x,0.24904088002877467,8.659029457789039e-08,-0.06442216768980086,0.17249927794776043,0.1846187123389738,74.13189044210034,0.09166734979761218,0.05198684070505818,AlM,1
trans_y,-0.4061728225308141,2.649214549596024e-19,-0.15277730408743145,0.0011500528051768424,0.25339551844338265,62.386133287920536,-0.262484983464939,1.5853119088800226e-08,AlM,1
trans_z,0.4019673094149967,6.647617632416567e-19,0.09729007316982241,0.03911356954963832,0.3046772362451743,75.7965210376402,0.21384066094153553,4.724261980583735e-06,AlM,1
rot_x,-0.44753079155295417,1.5104377296139386e-23,-0.1774072280652969,0.00015497588191997714,0.27012356348765726,60.35865432863625,-0.23506229660393388,4.5734841950192863e-07,AlM,1
rot_y,0.36761909122683795,7.587938305718242e-16,-0.040760452972647035,0.38835005906171144,0.3268586382541909,88.91231333045869,0.1380532249541973,0.003341191535062654,AlM,1
rot_z,0.36612752548754623,1.0112591163276004e-15,0.0018424472033577446,0.9689098947158427,0.3642850782841885,99.4967744637871,0.16292840952301,0.0005207820673809172,AlM,1
trans_x,-0.2578213519395506,2.888331721610392e-08,-0.3374793410504503,1.8948681447109305e-13,-0.07965798911089972,-30.89658343331336,-0.2541196417430869,4.611459234928757e-08,AlM,2
trans_y,-0.154703442087001,0.0009931123606183336,0.09668783370748381,0.04034886603698979,0.05801560837951718,37.50117489104786,-0.0841500781073816,0.07453879988774052,AlM,2
trans_z,-0.055857538585732794,0.23698948381912768,0.11337775338061226,0.01612035746430687,-0.05752021479487947,-102.9766370864959,-0.05281165174478228,0.26358037272185647,AlM,2
rot_x,0.0936682453147326,0.047050553547521246,-0.009900358736422712,0.8341052958493594,0.08376788657830989,89.43040012849954,0.03879150020493929,0.4116962453265345,AlM,2
rot_y,0.0345922555186018,0.46417426153596375,0.13276287097623063,0.004787567079577547,-0.09817061545762883,-283.7936237052773,0.07447167640334028,0.11466208415445184,AlM,2
rot_z,-0.1604261831504885,0.000635862177682516,-0.2915912996701219,2.864635922074318e-10,-0.13116511651963336,-81.76041712380162,-0.2050578685985281,1.1624527397974411e-05,AlM,2
trans_x,-0.06483353406862442,0.16976897914484804,0.05520042976704452,0.24255989518154114,0.009633104301579903,14.858212559234454,-0.07498657606539623,0.11216917459552753,ErG,1
trans_y,0.2769443582401434,2.2894054221661976e-09,0.27009730253858755,5.805977976538125e-09,0.00684705570155586,2.4723578935009956,0.30841021437142907,2.264158639105528e-11,ErG,1
trans_z,-0.05413481145017479,0.2517871836283436,-0.07035681460356888,0.13617442963102974,-0.016222003153394088,-29.96593637039759,-0.049318498692174625,0.29651830295529624,ErG,1
rot_x,0.33638236295273566,2.2911994576533393e-13,0.14286627525896461,0.0023829674738204245,0.19351608769377104,57.52860702775953,0.3477341945721543,3.094006950152909e-14,ErG,1
rot_y,0.13640917706190014,0.0037412757538327654,0.08031922487848486,0.08878544990456377,0.05608995218341528,41.118899322999816,0.13642898648059168,0.003736207303100921,ErG,1
rot_z,-0.46626940736752365,1.1377561402158412e-25,-0.10778096225300818,0.022214208412507548,0.3584884451145155,76.88440190371469,-0.40992946467225355,1.1518352123993715e-19,ErG,1
trans_x,0.053812502319310285,0.2546255306627622,0.0891432940665933,0.058822386127662586,-0.035330791747283014,-65.6553593022653,0.06740727937751134,0.15341528442318067,SiC,1
trans_y,-0.049461166335783985,0.2951215239285414,0.009264147315096782,0.8446259349888402,0.0401970190206872,81.26985673527398,0.06414655545624096,0.1743467824876053,SiC,1
trans_z,0.10010769892559235,0.03375098831757498,0.07298422253422607,0.12210810449122932,0.02712347639136628,27.09429612554226,0.08670442817001567,0.06611769275199142,SiC,1
rot_x,-0.14496386251474463,0.002049976681597978,-0.10089248437039439,0.032373955058185404,0.04407137814435025,30.40163070976923,-0.11909991325060043,0.011456114471849705,SiC,1
rot_y,-0.06616538731835858,0.16115074046803785,-0.08663460230247658,0.06633703671626895,-0.020469214984117995,-30.936439449268523,0.0324527034701406,0.49227687135579745,SiC,1
rot_z,0.11176104988778043,0.017708846906758374,0.11687977324922921,0.013101174153424438,-0.005118723361448779,-4.580060196811414,0.0801817951364369,0.08933459574556274,SiC,1
trans_x,-0.30336352993807114,4.933113519795639e-11,-0.16430283531778328,0.0004661207317273727,0.13906069462028786,45.839621739856405,-0.3352201574657983,2.799589778672728e-13,SiC,2
trans_y,0.23836425961351296,3.115273496231541e-07,0.17559284032687184,0.00018136433338265058,0.06277141928664112,26.334241294571406,0.2845199235551781,7.932379414898575e-10,SiC,2
trans_z,0.020780825596344622,0.6601911497405858,0.06954902340894983,0.14074071791876103,-0.04876819781260521,-234.67882729925614,-0.0005443319061657918,0.990812635582077,SiC,2
rot_x,0.17146509335371288,0.0002578788145396823,0.2097830990545832,7.1952721860098545e-06,-0.03831800570087032,-22.34740899818289,0.21813750520578704,2.9989493574451217e-06,SiC,2
rot_y,-0.14745329783678202,0.0017102533563255482,-0.07321723168998555,0.12091742152707385,0.07423606614679647,50.34547699907624,-0.06209038069323801,0.18859686229690267,SiC,2
rot_z,-0.03414143584175455,0.4700206321766682,-0.07253352463009477,0.12443708164740973,-0.03839208878834022,-112.45012941543358,0.008738611054869408,0.8533373733989482,SiC,2
trans_x,-0.10187660716014076,0.03071519849671653,-0.046882497325716616,0.3210475193126184,0.05499410983442414,53.981096708470474,-0.06497500399178927,0.16883752340752212,AzN,1
trans_y,0.34376040335075664,6.294382344046582e-14,0.2758150888234616,2.6739453178530975e-09,0.06794531452729502,19.76531149748707,0.17895890843905404,0.00013531041579021346,AzN,1
trans_z,0.03972143456871326,0.400568103985601,0.1638851361020608,0.0004821407197663659,-0.12416370153334753,-312.58614619912436,0.11088311547217519,0.018627462419702492,AzN,1
rot_x,-0.2580886357097155,2.791595005889964e-08,-0.10867993903487518,0.02111783277608785,0.14940869667484036,57.89045932378339,-0.016452097705832294,0.7277992066693653,AzN,1
rot_y,-0.2289039040688686,9.220311022137087e-07,-0.2696178620276235,6.190922489064018e-09,-0.040713957958754904,-17.786484736627997,-0.052594366721152544,0.2655527388266962,AzN,1
rot_z,0.02121995100665848,0.6534737187921453,0.09647250053501522,0.040798480734149115,-0.07525254952835674,-354.63111816207163,-0.03204210061942694,0.4977722059735715,AzN,1
trans_x,-0.03744539116960248,0.4281243792571864,-0.21625769055860844,3.662740166124633e-06,-0.17881229938900595,-477.52819186507173,-0.038937410390503996,0.4099382062725355,AzN,2
trans_y,-0.1154065333114117,0.014304569506480886,-0.07943033932335936,0.09238566704670742,0.03597619398805234,31.17344655954146,-0.11006335833757207,0.019522442338734274,AzN,2
trans_z,-0.023567567623475977,0.618045451793439,-0.08094207825607914,0.08633053207524265,-0.05737451063260317,-243.44689086815916,0.02466889548425754,0.6017189005783127,AzN,2
rot_x,-0.006395885224032425,0.8923737090198279,-0.019771772343621423,0.6757300070689595,-0.013375887119588998,-209.13269471017617,-0.02335293836841993,0.6212495611011505,AzN,2
rot_y,0.3835925587367086,3.1842547437593633e-17,0.46098163498303274,4.661144440696462e-25,-0.07738907624632413,-20.174811654634485,0.29626543011735046,1.4384674899981428e-10,AzN,2
rot_z,-0.03969783119357903,0.4008483087830884,-0.0164797939431712,0.7273591629070343,0.02321803725040783,58.486916167257164,-0.009105756900857125,0.8472495172058758,AzN,2
trans_x,-0.037590813306153964,0.4263315142745878,-0.15170564347438345,0.0012469650721252778,-0.11411483016822949,-303.5710593405752,-0.022759684409964166,0.6301431676127016,TzS,1
trans_y,0.198391099794954,2.2450427815061616e-05,0.19620719890842675,2.7721829730264277e-05,0.002183900886527257,1.1008058772719216,0.08481799910123014,0.0722566946406009,TzS,1
trans_z,0.13589248868141057,0.00387569565300535,0.2751993530014043,2.9093069972322235e-09,-0.13930686431999373,-102.51255655975798,0.15074754278621952,0.001339913876383987,TzS,1
rot_x,0.028203449670801597,0.550680849116977,-0.025435445099882947,0.5904709914911886,0.00276800457091865,9.81441846025064,-0.04857591066293332,0.3038596561579173,TzS,1
rot_y,-0.09241889069762471,0.050084362844406254,-0.07242660257777411,0.1249946362461024,0.0199922881198506,21.632252853219356,-0.09280974227033222,0.0491181637038667,TzS,1
rot_z,-0.2470883443716085,1.0992381614801465e-07,-0.21913630732117864,2.6947443177210516e-06,0.027952037050429868,11.312568029672578,-0.05274501767086916,0.264184157803701,TzS,1
trans_x,-0.08448205850196647,0.07339728211424106,-0.07658817750834412,0.10468655681373296,0.007893880993622343,9.34385493629822,0.039556475176009104,0.4025288549599789,TzS,2
trans_y,0.3748342982805364,1.8513787498180731e-16,0.31655529445617947,6.240989891997997e-12,0.05827900382435691,15.547937873267749,0.3053035652850961,3.663306977576922e-11,TzS,2
trans_z,-0.28464656970283303,7.790931254644332e-10,-0.27124643129715187,4.975419096020963e-09,0.013400138405681161,4.707640924558028,-0.17588702495650188,0.00017681749896899921,TzS,2
rot_x,-0.00539155496449345,0.9091942940345973,-0.09376843941593638,0.04681407264832031,-0.08837688445144293,-1639.1724657071386,0.0169870139276408,0.7193163225103703,TzS,2
rot_y,-0.348892142061773,2.5108359769975687e-14,-0.2997420745134458,8.547450856244771e-11,0.04915006754832718,14.08746762190618,-0.3391671069980593,1.412640787708344e-13,TzS,2
rot_z,-0.10872861302582976,0.021059835659555447,-0.02099845573525122,0.656858542603004,0.08773015729057854,80.68727711052215,0.07835186017379511,0.09690964694808991,TzS,2
trans_x,0.014353005247585163,0.7614006346138653,-0.09342441598929957,0.047630233453773894,-0.0790714107417144,-550.9049106981819,0.0026526550748398763,0.9552502732877745,NoL,1
trans_y,-0.14267383092355773,0.002415865793413143,-0.14011233661019834,0.0028950145811237273,0.0025614943133593915,1.7953497826323859,-0.10569421742000373,0.02495100053760057,NoL,1
trans_z,0.03513796968243419,0.45715157123885763,0.04792064972310009,0.3104367940300652,-0.012782680040665899,-36.37853910226374,0.017163212328620555,0.7165295758625971,NoL,1
rot_x,0.0656391368266123,0.16451582036390006,0.0888167926824259,0.059758623422356084,-0.023177655855813606,-35.31072615570504,0.07515316125017903,0.11137182983044387,NoL,1
rot_y,0.17039014855658163,0.0002822658230482178,0.1960803340213954,2.8061575503125642e-05,-0.025690185464813775,-15.077271592543278,0.185537377139311,7.516212820266369e-05,NoL,1
rot_z,0.17389228842671245,0.00020986852794093196,0.1849481011179281,7.929283572176466e-05,-0.011055812691215638,-6.357851053225486,0.14732352587749406,0.0017266017754479358,NoL,1
trans_x,0.3013522243247757,6.700534088467011e-11,0.18628540615084535,7.021037887387867e-05,0.11506681817393036,38.18349721219234,0.33661591744485986,2.200538287041019e-13,NoL,2
trans_y,-0.028909556226546618,0.5407452186516424,-0.08894173076877424,0.05939892071651731,-0.06003217454222762,-207.65512300428261,-0.01809701117865603,0.7018241694822297,NoL,2
trans_z,0.27817288282379515,1.932045618749108e-09,0.13497252985791486,0.004125895040027693,0.1432003529658803,51.47890459782474,0.28586366681646164,6.550796259607863e-10,NoL,2
rot_x,-0.04566051082837325,0.3338361589478525,0.06307563130278733,0.18166535341497145,-0.017415120474414077,-38.140441616768754,-0.08312317591691813,0.07816161166111225,NoL,2
rot_y,0.012822808959653797,0.7861853397120195,-0.1558662885603947,0.0009081888887453061,-0.1430434796007409,-1115.539349067889,-0.019485660011489776,0.6801615142434252,NoL,2
rot_z,0.16416280808657102,0.0004714351973766891,0.19199093030918984,4.138380710598634e-05,-0.027828122222618823,-16.951538869841762,0.1796920149399915,0.00012685764814741803,NoL,2
trans_x,0.1801382917231496,0.00012195763538044395,0.14921872996509708,0.0015015018094167978,0.03091956175805252,17.164347159221474,0.22754041583744453,1.074049938649502e-06,OmS,1
trans_y,-0.0389157340797895,0.41019909759910705,-0.08125303029015188,0.08512555488968884,-0.04233729621036238,-108.79223329966639,-0.0689937234257947,0.1439471560533647,OmS,1
trans_z,0.005627817088854863,0.9052334260963677,0.030729246823256243,0.5155589894840655,-0.02510142973440138,-446.02426372583074,-0.03216075141111808,0.4961808982758341,OmS,1
rot_x,-0.05890803600115766,0.2123110345006824,-0.014828925189547825,0.7537402908040275,0.04407911081160984,74.82699102503366,-0.06096392245558415,0.19675775309484342,OmS,1
rot_y,0.09223423541763198,0.0505463311609092,0.047124483379941524,0.3185533722508809,0.04510975203769046,48.90781804981172,0.047992928360140054,0.30970674053120806,OmS,1
rot_z,-0.05533216624704948,0.2414358542086005,-0.05750302605694145,0.22343753383602025,-0.00217085980989197,-3.9233233707124717,0.013429728871089078,0.7763276040395585,OmS,1
trans_x,0.05657843885650855,0.23098265144288743,0.01797745777343685,0.7037008262281168,0.0386009810830717,68.2256030092481,0.04144817176051899,0.38038887098693763,OmS,2
trans_y,0.2252861028238491,1.3794504809956705e-06,0.24402451354898713,1.591983834530559e-07,-0.018738410725138044,-8.317606141817626,0.2145762695124421,4.3735012567500824e-06,OmS,2
trans_z,0.06163923586639587,0.1918349011983294,0.033735448747649485,0.4753201105789268,0.027903787118746387,45.26952147691827,0.09689957316661647,0.03991084545087995,OmS,2
rot_x,0.058854847941016246,0.21272483808686368,0.10219545454760356,0.030193617446062065,-0.04334060660658732,-73.63982428435267,-0.15003761335446927,0.0014128503445247147,OmS,2
rot_y,-0.02898051696930202,0.5397516900123219,-0.096495051977318,0.04075119589196283,-0.06751453500801599,-232.96525413791485,0.05612834302062398,0.23472025642427055,OmS,2
rot_z,0.02094316205057085,0.6577046231182391,0.023932879248871997,0.6126085082584688,-0.0029897171983011457,-14.275385880517762,0.014842739964147974,0.7535182862855072,OmS,2
trans_x,-0.129082194577858,0.006104562879006955,-0.3134275570468101,1.0284678461037696e-11,-0.18434536246895208,-142.81238638049436,-0.1959666632098595,2.8369335109550442e-05,YoY,1
trans_y,0.42952487282246476,1.2556604446195389e-21,0.4546564800963109,2.4389456752691197e-24,-0.025131607273846113,-5.851024903098859,0.4114954970971051,8.114120817785417e-20,YoY,1
trans_z,-0.19091380752031306,4.578132879287962e-05,0.11514480903149352,0.014528234383751087,0.07576899848881954,39.68754249519527,-0.15378584585602892,0.0010652334068151001,YoY,1
rot_x,-0.10585456571434324,0.024730838935530155,0.15072781751947784,0.001341892740332727,-0.0448732518051346,-42.39141836000589,-0.0644907876088277,0.17204157698762967,YoY,1
rot_y,0.2620024952774993,1.6877365119227352e-08,0.2760387883761284,2.593101779974745e-09,-0.014036293098629082,-5.357312755270738,0.10356456081264599,0.028039331110479692,YoY,1
rot_z,-0.3050857879827542,3.788171273506429e-11,-0.2637197269578846,1.3498445293664586e-08,0.041366061024869616,13.558829238944405,-0.31279594796352905,1.136817466186811e-11,YoY,1
trans_x,-0.016316161857940444,0.7299602791632336,0.13467432361173615,0.004210078646737155,-0.11835816175379571,-725.4044350889752,0.004911234129551257,0.9172535738497977,RoL,1
trans_y,-0.3740928573907782,2.1436751660190146e-16,-0.34296254133519094,7.250248084989466e-14,0.031130316055587248,8.321547829786136,-0.250355475006461,7.365648078631845e-08,RoL,1
trans_z,-0.19295477776960135,3.779023683900596e-05,-0.17131782759532602,0.00026109926014365216,0.021636950174275332,11.213482466918256,-0.13254182325180208,0.004858763667101101,RoL,1
rot_x,0.034382828800001486,0.4668851420541437,-0.13940039269521748,0.0030427499333545156,-0.10501756389521599,-305.4360782996757,0.08344225568192108,0.07702093953737815,RoL,1
rot_y,-0.20081213451058227,1.772175432016095e-05,-0.22168322407678193,2.046836172611403e-06,-0.020871089566199652,-10.39334082926139,-0.19815676456015424,2.296683725297792e-05,RoL,1
rot_z,0.11998937889263431,0.010850112945196557,0.08816515041337708,0.0616640372554073,0.03182422847925723,26.522537888735414,0.12812830351425608,0.006495130264702837,RoL,1
trans_x,0.03155766963074244,0.5042972359170584,-0.12864103173095567,0.00628249650837544,-0.09708336210021323,-307.63793155891915,-0.13165714398589623,0.005153361155902567,RoL,2
trans_y,0.02693106599495514,0.5688075354395131,0.15714986061488007,0.0008222685798115613,-0.13021879461992492,-483.5263284576932,0.11718899023369665,0.012860234380263954,RoL,2
trans_z,0.3266552828084424,1.1946366237343576e-12,0.22280534453709622,1.8113932799985328e-06,0.1038499382713462,31.791905331666104,0.1822971965293656,0.00010066363589410602,RoL,2
rot_x,-0.40201555083109997,6.578318844444663e-19,-0.3433401280804197,6.781370368905618e-14,0.05867542275068027,14.595311706071728,-0.3131192417411115,1.0800349860478686e-11,RoL,2
rot_y,-0.054956157844304014,0.24465383897677548,-0.03065648810217446,0.5165542647139986,0.024299669742129555,44.216463987480374,-0.07308618807994115,0.12158593870721836,RoL,2
rot_z,0.2361590771693518,4.0283782505192817e-07,0.3210352902257426,3.0205101657061037e-12,-0.08487621305639081,-35.94027130937902,0.20391455431055627,1.3033663778118878e-05,RoL,2
trans_x,-0.0256284234273361,0.5876546103459718,-0.03994108471573042,0.39796618107670056,-0.01431266128839432,-55.84682697698827,-0.005138395745164175,0.9134409326296089,NeI,1
trans_y,-0.07443185038353839,0.11485669961403525,-0.10977236011874457,0.01984902772919361,-0.03534050973520618,-47.480358949966686,-0.10409236588822662,0.027244822052932677,NeI,1
trans_z,0.0442491152025866,0.3490088618664566,0.05037636284852108,0.2862659327492461,-0.006127247645934482,-13.847164215333985,-0.08182986911869525,0.08292614951616321,NeI,1
rot_x,-0.09285334769503856,0.049011342724015285,-0.08941679156309638,0.058047508832374355,0.003436556131942173,3.70105786947927,-0.10747239904065371,0.02260173447526063,NeI,1
rot_y,0.020273121781892785,0.6679917754927961,0.038395362737013314,0.41649164300779257,-0.01812224095512053,-89.39048041089882,0.0014719414252251455,0.9751596731797987,NeI,1
rot_z,0.09792713541782067,0.037841838058816746,0.07278151727957735,0.12315134539781177,0.025145618138243314,25.677885941374473,0.13984391692469264,0.0029499303638580525,NeI,1
trans_x,0.2785769398813748,1.8268226290152134e-09,0.3148289230492556,8.228245912730738e-12,-0.03625198316788081,-13.013274962140741,0.2847750030041301,7.649992229644371e-10,NeI,2
trans_y,-0.04978503562459018,0.29196702993457546,0.034440947157099056,0.4661319648053247,0.015344088467491128,30.820683916337835,-0.1575663418914003,0.0007960471345087693,NeI,2
trans_z,0.1580710446791903,0.0007653083501208087,0.1709254743688574,0.0002698637264087615,-0.012854429689667102,-8.132058414465176,0.12493118484535728,0.007972746881508152,NeI,2
rot_x,-0.06589834722913612,0.16285178037613718,0.089344996273477,0.05825009744234471,-0.023446649044340878,-35.580025949382595,-0.019233872759865486,0.6840705051781704,NeI,2
rot_y,-0.1843659256634265,8.358310362998667e-05,-0.09891581700338642,0.03593767692675147,0.08545010866004007,46.3481027486801,-0.15182461806395753,0.0012358466619785805,NeI,2
rot_z,0.26109458783454703,1.898106486009997e-08,0.267567407767427,8.135340726697377e-09,-0.0064728199328799585,-2.4791091943206873,0.16655917642391652,0.00038781161475251035,NeI,2
trans_x,-0.17255453403694374,0.0002351827983778721,-0.1787596293177684,0.0001376979212499865,-0.006205095280824663,-3.596019841180272,-0.1630254635002313,0.0005167348882561155,ShKh,1
trans_y,-0.018040162720113877,0.7027163073941531,-0.07342841887139134,0.11984608945524379,-0.05538825615127747,-307.02747536485543,-0.0035407582259665486,0.9402925651324221,ShKh,1
trans_z,0.09796193030694265,0.03777340046812389,0.1345561064999878,0.004243878926705982,-0.036594176193045155,-37.35550746946816,0.11652686350714492,0.01338101301953018,ShKh,1
rot_x,0.2467802913008686,1.1411976186922693e-07,0.16400814836181493,0.00047737045461646255,0.08277214293905366,33.54082390564158,0.21900901568238199,2.731804566025819e-06,ShKh,1
rot_y,-0.17209295264359686,0.00024456066847691646,-0.10049938667327754,0.033057592169815755,0.07159356597031932,41.60168378224588,-0.17941810412232492,0.00012995608373585942,ShKh,1
rot_z,-0.18631812129538144,7.000099534870535e-05,-0.2032200135079807,1.3967453827037951e-05,-0.016901892212599245,-9.071523529267262,-0.18248169126761124,9.901625780312458e-05,ShKh,1
trans_x,-0.2801560370770019,1.4664551645742313e-09,-0.2712841659022128,4.950199663261813e-09,0.008871871174789048,3.1667606621486377,-0.25988111875449593,2.219244313077868e-08,ShKh,2
trans_y,-0.09133478517222149,0.05284773523947168,-0.07642187099318298,0.10544466244337371,0.014912914179038506,16.327748678576967,-0.10500641155429576,0.025914666306999547,ShKh,2
trans_z,-0.05281061217404873,0.2635897851944104,0.00038777571020777685,0.9934549575979664,0.05242283646384095,99.2657238872184,-0.04362457756993039,0.3558598774039682,ShKh,2
rot_x,0.18420832822388208,8.478156299256529e-05,0.1439720843331168,0.0022017240323235166,0.04023624389076527,21.842793036948457,0.1905353277464745,4.742876604777436e-05,ShKh,2
rot_y,-0.030597931805813647,0.5173559834542857,0.14905613037097545,0.0015197012537032746,-0.1184581985651618,-387.144462302039,0.01258442428522281,0.7900666995052594,ShKh,2
rot_z,0.07924967173009348,0.09313151504891183,0.030146152812768712,0.5235629921336911,0.04910351891732477,61.96053288972639,0.10739773200526094,0.02269638440389628,ShKh,2
